Bus Number,Name,v _nom(kv),Control,Notes,x,y,nerda_sds_nrn,lat_lon_data_source
19930,THSO3-,33,Slack,red_text,-3.5117,58.572,unknown,https://network-maps.ssen.co.uk/
86018,THU-3L5,33,PV,red_text,-3.5097,58.574,unknown,https://network-maps.ssen.co.uk/
86019,THU-6L5,33,PV,red_text,-3.5137,58.574,unknown,https://network-maps.ssen.co.uk/
86101,SCORRA3A,33,PV,yellow_highlight,-3.189750858,58.9334713,673,ssen_nerda_api
86102,STROMN3A,33,PV,yellow_highlight,-3.287194263,58.97441004,678,ssen_nerda_api
86103,STROMN1A,11,PQ,red_highlight,-3.291194263,58.97441004,678,ssen_nerda_api
86104,STROMN3B,33,PV,yellow_highlight,-3.274990976,58.97465836,678,ssen_nerda_api
86105,STROMN1B,11,PQ,red_highlight,-3.289194263,58.97341004,678,ssen_nerda_api
86106,STROMN3C,33,PV,yellow_highlight,-3.116164205,59.00727946,678,ssen_nerda_api
86107,BURGAR3A,33,PV,yellow_highlight,-3.061462632,59.09038701,,unverified_estimate_based_on_building_and_radii
86108,BURGAR3B,33,PQ,yellow_highlight,-3.146725438,59.1164807,701,ssen_nerda_api
86109,BURGAR1A,11,PQ,red_highlight,-3.146725438,59.1174807,701,ssen_nerda_api
86110,ROUSAY3A,33,PV,yellow_highlight,-2.98512878,59.15818701,498,ssen_nerda_api
86111,ROUSAY3B,33,PV,yellow_highlight,-2.98112878,59.15818701,498,ssen_nerda_api
86112,ROUSAY1A,11,PQ,red_highlight,-2.98312878,59.15718701,498,ssen_nerda_api
86113,WESTRY3A,33,PV,yellow_highlight,-2.872358211,59.23835269,674,ssen_nerda_api
86114,WESTRY1A,11,PQ,red_highlight,-2.876358211,59.23835269,674,ssen_nerda_api
86115,EDAY3A,33,PV,yellow_highlight,-2.767759133,59.18524174,675,ssen_nerda_api
86116,EDAY1A,11,PQ,red_highlight,-2.765759133,59.18424174,675,ssen_nerda_api
86117,SANDAY3A,33,PV,yellow_highlight,-2.6794,59.207,unknown,https://network-maps.ssen.co.uk/
86118,SANDAY1A,11,PQ,red_highlight,-2.6834,59.207,unknown,https://network-maps.ssen.co.uk/
86119,STRONS3A,33,PV,yellow_highlight,-2.621110801,59.12948348,684,ssen_nerda_api
86120,STRONS1A,11,PQ,red_highlight,-2.623110801,59.12848348,684,ssen_nerda_api
86121,SHAPIN3A,33,PV,yellow_highlight,-2.904372188,59.03821123,683,ssen_nerda_api
86122,SHAPIN1A,11,PQ,red_highlight,-2.900372188,59.03821123,683,ssen_nerda_api
86123,KIRKWA3A,33,PV,yellow_highlight,-2.964322658,58.98242988,677,ssen_nerda_api
86124,KIRKWA1A,11,PQ,red_highlight,-2.966322658,58.98242988,677,ssen_nerda_api
86125,KIRKWA1B,11,PQ,red_highlight,-2.962322658,58.98242988,677,ssen_nerda_api
86126,STMARY3A,33,PV,yellow_highlight,-2.923070115,58.89660615,679,ssen_nerda_api
86127,STMARY1A,11,PQ,red_highlight,-2.921070115,58.89660615,679,ssen_nerda_api
86128,NTHHOY3A,33,PV,yellow_highlight,-3.2897,58.9038,unknown,https://network-maps.ssen.co.uk/
86129,NTHHOY3B,33,PV,yellow_highlight,-3.2937,58.9038,unknown,https://network-maps.ssen.co.uk/
86130,NTHHOY1A,11,PQ,red_highlight,-3.2917,58.9028,unknown,https://network-maps.ssen.co.uk/
86131,LYNESS3A,33,PV,yellow_highlight,-3.206218122,58.83342642,682,ssen_nerda_api
86132,LYNESS3B,33,PV,yellow_highlight,-3.210218122,58.83342642,682,ssen_nerda_api
86133,LYNESS1A,11,PQ,red_highlight,-3.208218122,58.83242642,682,ssen_nerda_api
86134,FLOTTA3A,33,PV,yellow_highlight,-3.129310705,58.83232532,680,ssen_nerda_api
86135,FLOTTA3B,33,PV,yellow_highlight,-3.127310705,58.83232532,680,ssen_nerda_api
86136,FLOTTA1A,11,PQ,red_highlight,-3.125310705,58.83232532,680,ssen_nerda_api
86137,NORTHF1A,11,PV,red_highlight,-2.900366,58.866942,unknown,unverified_estimate_based_on_placename_and_building
86138,FLTOCC3B,33,PV,yellow_highlight,-3.129310705,58.83432532,680,ssen_nerda_api
86139,SCORRA3B,33,PV,red_text,-3.191750858,58.9334713,673,ssen_nerda_api
86140,EDAY3B,33,PV,yellow_highlight,-2.763759133,59.18524174,675,ssen_nerda_api
86141,FLTOCC1C,11,PQ,red_highlight,-3.127310705,58.83432532,680,ssen_nerda_api
86142,KIRKWA1C,11,PQ,red_highlight,-2.964322658,58.98342988,677,ssen_nerda_api
86143,SANDAY3B,33,PQ,yellow_highlight,-2.6814,59.208,unknown,https://network-maps.ssen.co.uk/
86144,STRONS3B,33,PQ,yellow_highlight,-2.619110801,59.12848348,684,ssen_nerda_api
86145,KIRKWA3B,33,PV,yellow_highlight,-2.964322658,58.98142988,677,ssen_nerda_api
86146,THORNF1B,11,PV,red_highlight,-3.152,59.119,unknown,unverified_estimate
86147,THORNFG1,11,PQ,red_highlight,-3.154,59.118,unknown,unverified_estimate
86148,THORNFG2,11,PQ,red_highlight,-3.152,59.117,unknown,unverified_estimate
86149,THORNF1A,11,PV,red_highlight,-3.15,59.118,unknown,unverified_estimate
86150,SIGURD1A,11,PV,red_highlight,-3.148725438,59.1164807,unknown,unverified_estimate
86151,SIGURDG1,11,PQ,red_highlight,-3.144725438,59.1164807,unknown,unverified_estimate
86152,STRONS3C,33,PV,yellow_highlight,-2.621110801,59.12748348,684,ssen_nerda_api
86154,SPURNE3-,33,PV,yellow_highlight,-2.6814,59.206,unknown,unverified_estimate
86155,SPURNE3A,33,PQ,yellow_highlight,-2.69252249,59.18928988,unknown,REPD
86156,METC1,11,PQ,red_highlight,-3.3,59.01,unknown,unverified_estimate
86157,FLOTTA1B,11,PV,red_highlight,-3.125310705,58.83432532,680,ssen_nerda_api
86158,NWP3-,33,PV,yellow_highlight,-3.146725438,59.1154807,unknown,unverified_estimate
86159,HAMMARS3A,33,PV,yellow_highlight,-3.0629,59.0899,unknown,unverified_estimate_based_on_building_and_radii
86160,SCORRA3C,33,PV,red_text,-3.193750858,58.9334713,673,ssen_nerda_api
86161,NEWBIG3A,33,PV,yellow_highlight,-2.800572,59.166816,unknown,unverified_estimate_based_on_placename_and_building
86162,NEWBIG1A,11,PV,red_highlight,-2.800572,59.165816,unknown,unverified_estimate_based_on_placename_and_building
86163,NEWBIG1B,11,PQ,red_highlight,-2.798572,59.165816,unknown,unverified_estimate_based_on_placename_and_building
86164,NEWBIG1C,11,PQ,red_highlight,-2.800572,59.164816,unknown,unverified_estimate_based_on_placename_and_building
86165,NEWBIG1D,11,PV,red_highlight,-2.802572,59.165816,unknown,unverified_estimate_based_on_placename_and_building
86166,BARNS3WA,33,PV,yellow_highlight,-2.929353,58.920726,unknown,unverified_estimate
86167,BARNS3WB,33,PV,yellow_highlight,-2.724991844,58.92425284,unknown,unverified_estimate_based_on_placename_and_radii
86168,EDAY3C,33,PV,yellow_highlight,-2.765759133,59.18624174,675,ssen_nerda_api
86170,STHHOY3A,33,PV,red_text,-3.3848,58.8786,unknown,https://network-maps.ssen.co.uk/
86171,STHHOY3B,33,PV,red_text,-3.3868,58.8786,unknown,https://network-maps.ssen.co.uk/
86175,NEWHOL3A,33,PV,yellow_highlight,-2.882136974,58.91660726,unknown,unverified_estimate_based_on_placename_and_radii
