Name,bus0 name,bus0 number,bus1 name,bus1 number,Resistance[ohm],Reactance[ohm],Susceptance[ohm^-1],s_nom[MVA],length[km],Notes,,,,
19330 - 86018,THSO3-,19330,THU-3L5,86018,0,0.01089,0,500,1,From zafar,,,,
19330 - 86019,THSO3-,19330,THU-6L5,86019,0,0.01089,0,500,1,From zafar,,,,
86018 - 86170,THU-3L5,86018,STHHOY3A,86170,2.902185,6.792093,0.00415978,500,48.6,From zafar,,,,
86019 - 86171,THU-6L5,86019,STHHOY3B,86171,3.928023,6.637455,0.003507805,500,47.8,From zafar,,,,
86170 - 86139,STHHOY3A,86170,SCORRA3B,86139,1.809918,3.026331,0.000642792,500,13.7,From zafar,,,,
86171 - 86160,STHHOY3B,86171,SCORRA3C,86160,1.32858,3.471732,0.000523416,500,14.1,From zafar,,,,
86101 - 86102,SCORRA3A,86101,STROMN3A,86102,2.443232484,3.252006104,0,500,9.135,Checking done,,,,
86101 - 86128,SCORRA3A,86101,NTHHOY3A,86128,0.779525802,0.75828159,0.000653627,500,6.422,Checking done,,,,
86102 - 86104,STROMN3A,86102,STROMN3B,86104,0,0.01089,0,500,1,Checking done,,,,
86103 - 86105,STROMN1A,86103,STROMN1B,86105,0,0.00121,0,500,1,Checking done,,,,
86103 - 86156,STROMN1A,86103,METC1,86156,0.38813291,0.20500183,0,500,4.82,Checking done,,,,
86104 - 86106,STROMN3B,86104,STROMN3C,86106,6.1275852,4.92116922,0,500,11.3,Checking done,,,,
86106 - 86107,STROMN3C,86106,BURGAR3A,86107,3.28973832,4.37872743,0,500,12.3,Checking done,,,,
86107 - 86108,BURGAR3A,86107,BURGAR3B,86108,1.548851594,2.061561833,0,500,5.791,Checking done,,,,
86107 - 86110,BURGAR3A,86107,ROUSAY3A,86110,2.788920288,3.219022907,0.000232948,500,10.445,Checking done,,,,
86107 - 86159,BURGAR3A,86107,HAMMARS3A,86159,0.01279575,0.0121968,7.34619E-06,500,0.1,Checking done,,,,
86108 - 86158,BURGAR3B,86108,NWP3-,86158,0.0378972,0.0258093,2.75482E-05,500,0.3,Checking done,,,,
86109 - 86149,BURGAR1A,86109,THORNF1A,86149,0.2057,0.052514,4.95868E-05,500,0.5,Checking done,,,,
86109 - 86150,BURGAR1A,86109,SIGURD1A,86150,0.14399,0.03509,8.26446E-06,500,0.2,Checking done,,,,
86110 - 86111,ROUSAY3A,86110,ROUSAY3B,86111,0,0.01089,0,500,1,Checking done,,,,
86110 - 86113,ROUSAY3A,86110,WESTRY3A,86113,2.09745756,2.265676697,0.001151515,500,13.298,Checking done,,,,
86113 - 86115,WESTRY3A,86113,EDAY3A,86115,1.14932363,1.214571937,0.000945014,500,9.102,Checking done,,,,
86115 - 86161,EDAY3A,86115,NEWBIG3A,86161,0.48550887,0.30055311,0.000194949,500,2.123,Checking done,,,,
86115 - 86168,EDAY3A,86115,EDAY3C,86168,0.411351019,0.547518926,0,500,1.538,Checking done,,,,
86117 - 86119,SANDAY3A,86117,STRONS3A,86119,2.342901063,2.011447469,0.000609495,500,10.211,Checking done,,,,
86117 - 86143,SANDAY3A,86117,SANDAY3B,86143,0,0.01089,0,500,1,Checking done,,,,
86119 - 86144,STRONS3A,86119,STRONS3B,86144,0,0.01089,0,500,1,Checking done,,,,
86119 - 86152,STRONS3A,86119,STRONS3C,86152,1.535211216,2.043406134,0,500,5.74,Checking done,,,,
86121 - 86123,SHAPIN3A,86121,KIRKWA3A,86123,2.2631598,1.963808184,0.000330101,500,7.983,Checking done,,,,
86123 - 86101,KIRKWA3A,86123,SCORRA3A,86101,2.863218402,5.009269211,0.000167952,500,15.253,Checking done,,,,
86123 - 86106,KIRKWA3A,86123,STROMN3C,86106,2.730641364,3.12615168,0.000204968,500,10.01,Checking done,,,,
86123 - 86145,KIRKWA3A,86123,KIRKWA3B,86145,0.215229524,0.209574892,9.90817E-05,500,1.292,Checking done,,,,
86124 - 86142,KIRKWA1A,86124,KIRKWA1C,86142,0,0.00121,0,500,1,Checking done,,,,
86125 - 86142,KIRKWA1B,86125,KIRKWA1C,86142,0,0.00121,0,500,1,Checking done,,,,
86127 - 86137,STMARY1A,86127,NORTHF1A,86137,1.703922,0.302742,0,500,3,Checking done,,,,
86128 - 86129,NTHHOY3A,86128,NTHHOY3B,86129,0.120138044,0.160687068,0,500,0.447,Checking done,,,,
86128 - 86131,NTHHOY3A,86128,LYNESS3A,86131,2.645993394,3.539069771,0,500,9.845,Checking done,,,,
86131 - 86132,LYNESS3A,86131,LYNESS3B,86132,0,0.01089,0,500,1,Checking done,,,,
86131 - 86134,LYNESS3A,86131,FLOTTA3A,86134,1.456066181,1.640755898,0.000154298,500,5.696,Checking done,,,,
86134 - 86135,FLOTTA3A,86134,FLOTTA3B,86135,0.0121968,0.014239764,0,500,0.04,Checking done,,,,
86134 - 86138,FLOTTA3A,86134,FLTOCC3B,86138,0.125170531,0.166605239,0,500,0.468,Checking done,,,,
86136 - 86157,FLOTTA1A,86136,FLOTTA1B,86157,0.2415765,0.1275945,0,500,1.5,Checking done,,,,
86140 - 86154,EDAY3B,86140,SPURNE3-,86154,0.528606916,0.717813479,0.000393236,500,5.278,Checking done,,,,
86145 - 86101,KIRKWA3B,86145,SCORRA3A,86101,3.97680824,5.554929541,6.14812E-06,500,14.913,Checking done,,,,
86145 - 86166,KIRKWA3B,86145,BARNS3WA,86166,1.25909091,2.522732751,0,500,6.965,Checking done,,,,
86149 - 86146,THORNF1A,86149,THORNF1B,86146,0.2057,0.052514,4.95868E-05,500,0.5,Checking done,,,,
86152 - 86121,STRONS3C,86152,SHAPIN3A,86121,3.509182274,3.878365907,0.001619835,500,20.648,Checking done,,,,
86154 - 86117,SPURNE3-,86154,SANDAY3A,86117,0.15218383,0.202560643,0,500,0.569,Checking done,,,,
86154 - 86155,SPURNE3-,86154,SPURNE3A,86155,0.06397875,0.060984,3.67309E-05,500,0.5,Checking done,,,,
86162 - 86163,NEWBIG1A,86162,NEWBIG1B,86163,0,0.00121,0,500,1,Checking done,,,,
86162 - 86164,NEWBIG1A,86162,NEWBIG1C,86164,0,0.00121,0,500,1,Checking done,,,,
86162 - 86165,NEWBIG1A,86162,NEWBIG1D,86165,0.00483153,0.00255189,0,500,0.03,Checking done,,,,
86166 - 86126,BARNS3WA,86166,STMARY3A,86126,0.449765712,0.901157083,0,500,2.488,Checking done,,,,
86166 - 86175,BARNS3WA,86166,NEWHOL3A,86175,1.766954772,1.676129994,0,500,3.791,Checking done,,,,
86168 - 86140,EDAY3C,86168,EDAY3B,86140,0,0.01089,0,500,1,Checking done,,,,
86175 - 86167,NEWHOL3A,86175,BARNS3WB,86167,3.427871436,2.650094568,0.000641157,500,11.306,Checking done,,,,
