0,1,2,3,4,5,6,7,8,9,10,11,12,13,14,15,16,17,18,19,20,21,22,23,Voltage Variation,Cost
0.014230805196091592,-0.0476998490668579,0.01144632295419302,-0.016985347089264084,-0.004520451358050186,0.00043801388450851695,0.004182013863098135,-0.006091508383719091,-0.000861909574468081,-2.4095744680874277e-06,0.01649252805617759,0.0005072253604061599,0.01362876686252111,0.0034790219067747205,-0.002332552363159518,-0.0024383657898558848,-0.00923208275561356,0.0015806323534456876,-0.00048144393978914344,0.002618168855864056,-0.00708740012699487,0.005623391657823232,-0.023443219864833616,0.0,0.037112169229424063,6.122417396370519
0.011961838547184557,-0.053151493070468736,0.013693345320398835,-0.017503690797114658,0.0,0.0015691635071630702,0.01594405537338182,-0.013156920683924433,-0.0013532176306280275,-0.001606274160002175,0.008353179076204026,0.0007798681863724718,0.008342448411568363,-0.0009756964446986071,-0.0030692572176114993,-0.002796686391317731,-0.013047470537145589,0.0016693428091161951,-0.000706177325562181,0.0032534690866833243,-0.005135464357471376,0.0026030998974272686,-0.0026171105357251393,0.0,0.03711210520094445,7.4398913349141935
0.014999999999999998,-0.03890259516348516,0.025794103073473504,-0.040717372072336146,-0.005132452761590204,-0.0006465199099526572,0.01965844118117277,-0.011778637503861156,0.0010953792602092255,-0.0004350525560493272,0.024322706721672995,-0.009655454128795914,0.0023794481015804053,0.002305847914675679,0.003931878397064971,-0.002872364197833155,-0.017487319843292375,0.0005622945666431001,-0.0003616647450529811,0.008045596846186163,-0.01129386587288087,0.00042095005463666955,-0.011182996298355745,0.0,0.037112152641635116,7.35257148457495
0.014148166723914371,-0.015803866629558693,0.01665569990564432,-0.046093669576710315,-0.013010743116778056,-0.0008955873065116331,0.026942068314095652,-0.007190189687723746,0.0042769848457737914,-0.01149345597908986,-0.01342610430156647,-2.2755319148937134e-05,-2.8531914893614727e-05,0.0071952943868937025,0.008057819769970205,6.140094389250699e-05,-0.009394047599169663,-1.6155069408406347e-05,-0.00039021231305436506,0.019369536668704192,0.003985562968874939,0.030123135349679874,-0.06,0.0,0.0371125764247688,5.492491537364551
0.014999999999999998,-0.06,0.031320922683612716,-0.009757729341057415,-0.005634620828632601,-0.006052091889163661,0.011489941315831415,-0.015359660130171246,-0.006868671384887307,0.018219092849215173,0.005828210481151601,0.004024220564148525,-0.012772130156923814,0.011894489796852795,0.00505711528798435,-0.0014232708760413646,-0.030982626882557485,-1.53031914893631e-05,-0.0006036013707128612,0.0005550169007898705,-0.000854942125821681,0.04318947280757928,-0.043203483445877155,0.0,0.0371120518670156,10.052201210211534
0.014999999999999998,-0.06,0.0,0.0,0.04097673399451995,0.019023266005480058,-0.017349984377677707,0.016488074803209622,-0.026170264044490205,-0.03383214552997788,-2.6377659574466914e-05,0.05994871276595745,-0.06,-1.8829787234042605e-05,-2.1973404255321016e-05,-1.4441489361702308e-05,-1.957978723403919e-05,0.02422632941980546,-0.00010341211893087926,0.021095124192738138,-0.023493359832382803,0.03734247791323818,-0.06,0.0,0.03711272141965616,3.0120251651419157
0.014999999999999998,-0.028318506093610696,0.0283185060936107,-0.0018311693568965049,0.001831169356896505,-0.034605144681391545,0.034605144681391545,-0.01504641533658988,-0.035086206389827033,0.034689186208271626,-2.810369253190437e-05,-0.04544191291698239,0.0025276576273854643,-0.002575019329513123,-2.1973404255321016e-05,1.3283638162873465e-06,-3.5349640412027374e-05,0.005868110655450515,0.00043029010410387553,0.021565639299156242,0.01952179009443566,0.011681329421321798,-0.06,0.0,0.03711262781916236,3.8961280110586607
0.014999999999999998,-0.05672158260181893,0.03640516961354056,-0.01759272012901081,-0.01017956453640377,-0.00748520823245432,0.013922457893053684,-0.018348552006906424,-0.000861909574468081,-2.4095744680874277e-06,-2.6377659574466914e-05,0.012951085536214359,-0.013002372770256908,0.017982543756081184,0.02622484621777472,-6.50791403806213e-06,-0.040531568558668865,-0.0037594411607234477,-9.605181429278333e-05,0.027468848574650012,-0.0282763233561019,0.012629882023815415,-0.012643892662113286,0.0,0.037111983106112675,12.17509110996551
0.014999999999999998,-0.050925019606125055,0.03364607173445924,-0.042721052128334186,0.011694274491147119,-0.011694274491147115,0.054593497769123055,-0.005894237429282745,0.010436420511223518,-0.0016879123215449178,-0.04109329488041779,-0.017267925776760694,-2.8531914893614727e-05,-1.8829787234042605e-05,0.007104320654926023,-0.007140735548543045,-1.957978723403919e-05,-1.53031914893631e-05,-0.0008729999999999988,0.022475894933632317,-0.02250642152937699,-9.973404255317341e-06,-4.0372340425504085e-06,0.0,0.03711223055650739,5.5823511303029
0.014999999999999998,-0.06,0.0,0.02936586777372341,0.030634132226276593,0.0,-0.06,0.05913809042553191,-0.06,0.059971212765957446,-2.2755319148936094e-05,-0.06,0.05995263829787234,-0.06,-2.1973404255321016e-05,-1.4441489361702308e-05,0.0599651170212766,-0.0008729999999999998,-1.7249999999999555e-05,-1.327659574468093e-05,-9.973404255319423e-06,-4.037234042553531e-06,-0.06,0.0,0.03711291454457526,-4.0418902623144914
0.010430284026017379,-0.04328111273812426,0.014029044241399247,-0.02087505171233582,-0.0043726911902857825,0.0002852171066605065,0.010762577358910919,-0.011978267092242197,-0.000861909574468081,-2.4095744680874277e-06,0.01392376146282989,0.00102144646236012,0.017038843366807558,0.0048588458708833495,-0.002953868253714249,-0.0016591444646251593,-0.012224470501451251,0.001992444132213968,-0.0005994580237806749,0.0026748398729679237,-0.007071716403523365,0.009207020817612176,-0.02729387412581431,0.0,0.037112226384439805,6.632180829574077
0.014999999999999998,-0.037095133519505365,0.027573342939320056,-0.03367669869597351,-0.011153156564049194,-0.00016961952542983468,0.011940342581406992,-0.017419077215769144,-0.000861909574468081,-2.4095744680874277e-06,0.011824912328732983,-0.0022125253876403516,0.018274710289296937,0.003791313115633598,-0.0025562702965668638,-0.0021867507647879447,-0.010445254763725377,8.598823419937679e-05,-0.0006029697550878499,0.006691554134629158,-0.00335600123507461,0.0020523383478384233,-0.022446374034681502,0.0,0.03711222818526201,6.416983463978154
0.014999999999999998,-0.06,0.007341954850100443,-0.007341954850100443,0.0,0.0,0.014414156489795925,-0.008613680326151807,-0.0037669404365271654,0.011713400150120326,-0.005597221885647323,-0.001870717148672987,-0.005579989563513123,0.006932485455681055,0.01746391469472625,-0.002358861635271952,-0.017542193705753405,0.003790755991883818,-0.0004898782880799298,0.018249980231030277,0.0063348100053551805,0.002858609468087109,-0.03788827843323245,0.0,0.0371122205248948,6.926459572809868
0.014999999999999998,-0.04244888671219372,0.023031756936818814,-0.033784839882418295,-0.006798030342206801,0.0,0.015618477445390107,-0.015618477445390105,-0.000861909574468081,-2.4095744680874277e-06,0.012589498008442493,0.004755966422191378,0.00084049596019382,0.00698024329650979,0.00099117279487556,-0.0025610992433314408,-0.023748766600583716,-1.53031914893631e-05,-0.0005974206303937507,0.0038329156568708625,-0.004139021622221792,0.006538983306572549,-0.006552993944870416,0.0,0.03711210995034596,8.84528302399211
0.01156051429350321,-0.056560514293503214,0.022971184051832,-0.022971184051832,0.0,0.0,0.03700917948458238,-0.011757756720144813,-0.0004580717630225031,0.0009592967285600229,0.016023786699759745,9.723298220066835e-05,0.01716551875827727,-2.1973404255318935e-05,-1.4441489361702308e-05,-0.0029886214935511946,-0.019148763938623997,-0.0005920160831833023,-0.0009745684233426051,-0.0015938015249717132,-0.01289538668703103,0.0007547220802685729,-0.02351398414233068,0.0,0.03711221850125175,8.300666098166193
0.014999999999999998,0.0,0.0,-0.0062956726099627144,-0.027823386372738627,-0.013577191275744143,0.0414222484621911,-0.00781634474432393,0.013226027391642145,-0.0013792023556551984,-0.013617222283811537,-0.028066814605659334,-0.017014425648490945,-1.8829787234042605e-05,0.008103400070374826,-0.002908421274866334,-0.00525097347635956,-1.53031914893631e-05,-0.00029273839934071806,0.01998231251699706,0.017041313718610118,0.022351574929691,-0.06,0.0,0.03711288821252531,5.103357856917276
0.010719650191658317,-0.04224906370897138,0.009863838927662023,-0.017601151157048214,-0.005733274253300749,0.0005642539384684853,0.009594038637511529,-0.010158292575980018,-0.000861909574468081,0.0006956655744289685,0.014681464031970674,0.0009820648433101354,0.01569385051046795,0.0024662519750225462,-0.002725874864852155,-0.0015914951669071524,-0.00667089975465848,0.0016818473173138336,-0.0004672153141789803,0.002086259370719277,-0.0075462991349396005,0.00813296093710801,-0.028506319686507145,0.0,0.03711225455028329,5.758528089609867
-0.045000000000000005,0.0,0.0,0.06,-0.06,0.06,-0.06,0.05913809042553191,-0.06,0.059971212765957446,-0.06,-2.2755319148937134e-05,-2.8531914893614727e-05,-1.8829787234042605e-05,-2.1973404255321016e-05,-1.4441489361702308e-05,-1.957978723403919e-05,-1.53031914893631e-05,0.059109749999999996,-1.327659574468093e-05,-9.973404255319423e-06,-0.06,-4.0372340425504085e-06,0.0,0.03711300898968475,-1.182125530851068
0.014999999999999998,-0.06,0.01638425388594304,-0.01638425388594304,0.0,0.0,0.046053980463080436,-0.02191175442860105,-0.025004135608947466,0.059971212765957446,-0.04748499756075681,-0.0045290023424501375,-0.00803728733083561,0.05995919680851064,-0.030223033332205152,-1.9249492938054732e-06,-0.0032390712264269614,-0.018621550145052165,0.00010191452614620213,-0.0011672324129488206,0.05218807307169561,-4.037234042553531e-06,-0.06,0.0,0.03711222324213503,7.838024824389381
0.014943300031386888,-0.0596495835405012,0.04827247422608589,-0.006429880379756001,-0.019080773328412622,0.0058955819307431045,0.03104888106045394,-0.021911849930304497,0.003130489548604832,-0.0035586355355751616,-0.01564483086677582,-0.020291825488720033,0.009018115847314186,0.007242883030718717,0.0159968932779976,9.736333740938558e-05,-0.013317529453507884,-0.006700238788423868,-0.000805424911753792,0.008152014701002179,-0.019906110244472267,0.046412063038758056,-0.04986302649844182,0.0,0.037112180386223964,9.10292204231306
0.008660095208399632,-0.05366009520839963,0.008735474159846999,-0.008735474159846999,0.02577537334569048,-0.012548159726840771,0.046772786381150296,-0.007018975687683743,-0.027186782275843435,0.003938097071492609,-3.638176429344412e-05,0.029362058613774812,-0.06,0.05995919680851064,-1.4410760126107475e-05,-5.874240504039887e-07,-3.4326283908594696e-05,-0.017431551389703943,-0.00059741402536951,0.017125438819328775,-0.0567569128385814,0.056742902200283524,-0.06,0.0,0.037112183260267946,8.99581866674864
0.014999999999999998,-0.015062393984085376,0.015062393984085373,-0.03200580186685669,-0.00887534359119051,0.0055634802072088785,0.022946411594592302,-0.011349136724204463,0.022856071231514317,-2.6377659574467958e-05,-0.005711955283853143,-0.009406061546811291,0.015047899809387835,-0.0019488794865245695,0.0019124645929075477,-0.002598120974375164,-0.007222130403984741,0.0018082893744310947,-0.0005263704722376768,0.007599922901698402,-0.0015405491479932355,0.0015265385096953628,-0.06,0.0,0.03711294244057158,5.129796595575937
0.012956456735991521,-0.03915436051354763,0.014632404799943028,-0.016599308624370177,-0.005048143986418746,0.0006414593039466705,0.0058411471717031505,-0.007457893206191376,-0.0008658782358117889,0.0004414173315413707,0.016430683751760152,0.0008835434531387073,0.01282223173074652,0.0027839234403877135,-0.0024250229954167683,-0.0018095947823510534,-0.006817589890395495,0.0015592653317101244,-0.0005299893025922359,0.0028467687863967584,-0.00869805371498081,0.006860925344945746,-0.03624404086630561,0.0,0.03711237408794388,5.769981249179322
0.010500239017104394,-0.044155726563150595,0.016833379061518744,-0.0168029089004026,-0.005149312091797829,0.0005089270930389795,0.009074625133380065,-0.008740993311491363,-0.0011914867558267485,0.0008238556502109282,0.015018102057182554,0.0012178927129338332,0.01074164475795096,0.002945770817488234,-0.0024338422413770783,-0.0016720047377615352,-0.007502734100125384,0.0015584458011937265,-0.000471982676896816,0.002225692519717031,-0.005625495900960232,0.008081066224430238,-0.032732802502529704,0.0,0.03711226435565834,5.947575523134683
0.014152341039630575,-0.04037543566657658,0.01489754661013939,-0.016520008892317164,-0.007975940355093492,0.0003866614917817499,0.013244690267573628,-0.02280985449513812,-0.000861909574468081,-2.4095744680874277e-06,0.005747041911229958,0.0011562576133013734,0.011603291021547585,0.004289493001892342,-0.0023946766143123446,-0.0022693705579989454,-0.009699160009999274,0.0018269516099364074,-0.0006345320523406669,0.0031155735354220387,-0.006831884426189136,0.0064428860011461605,-0.013437200820869516,0.0,0.037112257988115765,6.873875956705232
-0.045000000000000005,0.06,-0.06,0.06,0.0,0.0,0.0,-0.0008619095744680852,-0.06,0.059971212765957446,-0.06,0.05994871276595745,-1.8829787234042605e-05,-2.1973404255318935e-05,-0.06,-1.4441489361702308e-05,0.0599651170212766,-0.06,0.059109749999999996,-1.327659574468093e-05,-9.973404255319423e-06,-4.037234042553531e-06,-0.06,0.0,0.03711407633193166,-0.3899583893617047
0.014999999999999998,-0.06,0.06,-0.06,0.0,0.06,0.0,-0.0008619095744680852,-0.06,0.059971212765957446,-2.2755319148936094e-05,-0.0064208447693809845,-0.05360768714551264,0.05995919680851064,-1.4441489361702308e-05,-1.9579787234042315e-05,-0.06,-1.53031914893631e-05,-0.0008729999999999988,0.05996947340425532,-0.06,0.05998598936170212,-0.06,0.0,0.037112204604396584,13.644786643342432
-0.01017422219955705,-0.03482577780044295,0.06,-0.013513171197855374,-0.020996239850429924,-0.0024461759450560496,0.03695558699334136,-0.007858326360476845,-0.0392843668377678,-0.0025126955812275194,-0.01123530802903848,-2.2755319148937134e-05,0.011003810038428916,0.005777744654291886,0.0029848568012069503,-0.0007052885830034081,-0.019164479293903063,-1.53031914893631e-05,-0.0008729999999999988,0.013077209437953671,-0.013107736033698341,-9.973404255317341e-06,-4.0372340425504085e-06,0.0,0.037112239558825144,9.884923447513204
0.013154578778629994,-0.03889562835107829,0.012015249900705368,-0.015578389210744633,-0.0044856026426511155,0.0006249887895145268,0.005922290721329856,-0.00718138281364715,-0.0007204979718311291,0.0003094817588777088,0.014121750780725853,0.0008095061795418669,0.01278737127670536,0.0031926030482977187,-0.0024447823606920205,-0.002215599519617133,-0.0075516266538959535,0.0018799927936738955,-0.00040876054433821316,0.0025944929418424585,-0.008494042266037878,0.006534780190746285,-0.03292042376222758,0.0,0.037112374181716944,5.900481642967917
0.012663609677180528,-0.042173277480135996,0.016197375574691045,-0.017727345145451674,-0.004406944214232221,0.000681815299622733,0.007329861130023212,-0.006879775547571169,-0.0009062134677004833,0.0005251113543320073,0.012479492965793967,0.0007933196958688846,0.013141965285391959,0.003128815270786461,-0.002415920850865639,-0.0020529479637806966,-0.008112394892617579,0.0016430668995886962,-0.0004528642032672954,0.0027195240462244315,-0.00819369553771717,0.007558370771775624,-0.032490597604109855,0.0,0.0371123192989506,6.013109320330313
0.012227406793383912,-0.042267610871176475,0.013315971358042406,-0.015550150693676984,-0.005096580818652579,0.0006599955374429271,0.0051611060863802575,-0.007827074396226876,-0.0009334595775551006,0.0005821772748137406,0.01475327276610696,0.000747638900451774,0.013365764960384904,0.0030642911859716433,-0.002936966040062286,-0.0020608660121483936,-0.008118790066738843,0.001667664666965392,-0.0004537116107298852,0.0025933955263488457,-0.008082883341609172,0.007292390345498378,-0.029052630909384744,0.0,0.03711228596312788,6.052626089127351
0.01040732221832895,-0.03697624936310245,0.012292862937837304,-0.01850009926132107,-0.005305264703364156,0.0006509605725515843,0.006247152893768659,-0.008933832416255056,-0.0008592629616305164,0.0002801439954948067,0.012850421063197427,0.0007829430142935291,0.01319417385906776,0.002821728828748454,-0.0025803308070795755,-0.002031145247778847,-0.007236407477956552,0.0016738548527434017,-0.0003666967478217625,0.002453277390153914,-0.008732621680196158,0.00821931823297739,-0.02730189812882725,0.0,0.03711232705145921,5.971378691341123
0.014999999999999998,-0.036925220963830274,0.027477810967530384,-0.026180197727992405,-0.005572464983782207,0.0004996241893325918,0.0076139702488598054,-0.016556736851395682,-0.004922938047430439,-0.006298165980227946,0.015320408417139173,0.0016921628334902253,0.011091829461117704,0.004191314679949561,-0.0002591595762317213,-0.0025194045832595893,-0.006598106882572882,0.0019823960980112423,-0.00027160374510190914,0.0039881254861734595,-0.0050705995647174415,0.007959744831470706,-0.03259243724270256,0.0,0.03711232752702084,5.9518510603266295
0.009906561372221808,-0.03551111961344496,0.029675995862115983,-0.04465835924762892,-0.004413078373263912,0.0,0.029127246231170606,-0.01546457230064995,-0.0071104764069985435,0.019555751772207607,-0.007917595589853497,-0.010208021661842074,-0.0010515750695548117,0.010902343879591233,0.007785737472903083,-0.0003942218826167646,-0.026241424954995197,-1.1442453810928414e-05,-0.00047844531020144925,0.00820170265534939,-0.0079433472179508,0.014686137141523718,-0.015387445240441833,0.0,0.03711225865153419,9.124680622567222
0.01217359611860896,-0.04129370107975904,0.016826240645050655,-0.013857830798519056,-0.004830263366206464,0.0006681062649387474,0.007241092099872378,-0.007261371792715847,-0.0010046755257750266,0.0006496210087816416,0.014422550093363433,0.0010132752948823803,0.012607290698344575,0.0032909873475225654,-0.0024978607179812137,-0.002015903460355683,-0.007673214954732543,0.0017601892738134475,-0.0004279376775028639,0.002793400945109131,-0.007050058040676074,0.006996187908296851,-0.03947936922053117,0.0,0.03711238327349859,5.913705533146183
0.010162742622745557,-0.03848515555283192,0.015165046096730144,-0.017664303535134745,-0.004710304909464949,0.0004165506139858083,0.008608680663422685,-0.007514527624021033,-0.0007641554079691346,0.00034225871386632636,0.013107013501316938,0.0008947069491014462,0.015239370833010116,0.0024071200597975367,-0.0018651489233683881,-0.0012535043286090212,-0.008136484871787373,0.002074139336852428,-0.0004340849629288908,0.002063789692709407,-0.007861942063726847,0.007085246949976654,-0.03582670278984295,0.0,0.03711238278876461,5.947082082183564
0.014913271827422652,-0.0353066259583912,0.010568802463440179,-0.013778424838028894,-0.00461178590073662,0.0003504853796746388,0.008259797486507714,-0.01890505132261256,-0.001723259390240049,-0.0004939175516732402,0.012180331842676926,0.0008316955776215916,0.01458633400512001,0.0027399108253182646,-0.0019448387479885079,-0.0018301447356853465,-0.005020255410331691,0.0014776153646378555,-0.0003521111230494051,0.002510363839153703,-0.006794138049102644,0.007555394866100035,-0.03216309938600361,0.0,0.037112441734969824,5.912575191405606
0.012067385599844415,-0.042918129679807036,0.011422328430074439,-0.013279851470920844,-0.005384437145945479,0.0004403974418527526,0.008249822932586102,-0.009476720633072635,-0.0007328028635315747,0.00039182379917430537,0.014891988489977111,0.0006819935799246918,0.015441114092046869,0.003129721407014575,-0.0024177752032832215,-0.0017918522201335945,-0.009047809814510163,0.0017950392997395555,-0.0004357325968618251,0.0027048137165101914,-0.009091436230162805,0.007227856513505788,-0.030817386380191835,0.0,0.03711230427118639,6.191327953315298
0.011974988853135407,-0.0392111796129521,0.01633846339448267,-0.019097266201562633,-0.005213419784187959,0.0005956600088113695,0.0070414300252265305,-0.007892305509071997,-0.0009604961226652373,0.0005359045733581392,0.014389331415915052,0.001112897623932018,0.013764340717541512,0.003304277356063657,-0.0027467241698391084,-0.0019151821365892916,-0.008822754901454928,0.0017288377679860023,-0.0004388576732361744,0.002536477235291863,-0.0076865131834802135,0.006775828082964858,-0.03306338669583967,0.0,0.037112344793416685,6.070191380014675
0.012375208016050963,-0.03772550175036877,0.014044652912236569,-0.016230531780015656,-0.005410631592675644,0.0006903583415125902,0.006502000254708962,-0.0078090373674099415,-0.0009090536610774427,0.0005566758430272028,0.013778301429938508,0.0009055085773788312,0.012824951929485462,0.0027448568584664463,-0.0027838347637201967,-0.0019688499886304184,-0.007592739920307997,0.0018479011525383733,-0.0004376840305924492,0.0025888923893504687,-0.008472431807636004,0.007634546789700963,-0.03410320676813104,0.0,0.037112387894464006,5.924492238234578
0.011330412972108917,-0.03903675216052117,0.013043432240984379,-0.01614585473848473,-0.005106630090142576,0.0006763009940973126,0.006493278702424145,-0.008007919003351006,-0.0007904067802359094,0.0005198835413683298,0.014533351114246203,0.0008364618871027832,0.012168187694902834,0.003041161432195257,-0.0027593940154912,-0.0020939247297134043,-0.00916732969849708,0.0018429272096634189,-0.0004816007623523971,0.0027618918905372887,-0.007272530395362984,0.007148182454741481,-0.0304827786963901,0.0,0.03711234003065252,6.200299413094751
0.013501998720554758,-0.03558948447556866,0.025637508006605764,-0.030271822026856143,-0.003909223661672963,0.001379139234101978,0.01573629377860238,-0.014580869335963212,0.0010537118635619376,-0.003733082548257456,0.006315211294511933,0.00399436179796103,0.0078940028613154,0.00033765466840642396,-0.009846665037164625,-0.001968702490116584,-0.016624559699753322,0.000909247529514713,-0.0006943415623179879,-0.005971074028822294,-0.0005049431865154107,0.002255565409329111,-0.0022695760476269754,0.0,0.03711232184408455,8.232058358656074
0.0139562865143803,-0.04114874690246155,0.018769475554136498,-0.018687943660747545,-0.00548639626160912,0.0005179976505645359,0.012259046977465389,-0.016987963649358978,-0.0025279251936461,-0.0010888861730682148,0.012766528331196398,0.001765408960081495,0.012409091179200943,0.00341813938423704,-0.0024140418113244174,-0.001778010825648362,-0.009290186496403854,0.0014062856585186259,-0.0005366679399410601,0.0034315009921515034,-0.004323797391667273,0.009734705416174416,-0.033113549248400875,0.0,0.03711232889938948,6.436317111060358
0.014999999999999998,-0.04991171496834599,0.03641952573957069,-0.03809156462107998,-0.00841624615014472,0.0,0.04871580178714673,-0.006333462747700272,0.014042509274062193,-0.004836282835111525,-0.02629241643664262,-0.0069145525862036915,0.020531390566417538,0.0037937774831464702,0.004642736052358956,-0.0023719454388995294,-0.04599436362921255,-1.53031914893631e-05,-0.00057817829573155,0.030609157205433224,-0.0279170076089458,0.01857355540396455,-0.021605063938762967,0.0,0.03711230612286922,11.685829517392392
0.014999999999999998,-0.06,0.04733785899075676,-0.020422257572444102,0.0007093855543927168,0.001507061873593159,0.024744257305685736,-0.005664297531050512,0.0012265214624870378,-0.000896185095480204,0.010544202884399823,-2.853191489361681e-05,-1.8829787234042605e-05,-0.0021758646966185302,0.0021394498030015093,-0.0031343895871296947,-0.03554914917274299,0.00010443552262865009,-0.0007772361733688562,0.014411981961322352,-0.014885874467067156,0.026407115992529515,-0.047529304288937764,0.0,0.03711231454175852,10.550003669089797
0.012983302409389186,-0.03518428438585011,0.012901200066442997,-0.021636153141472592,-0.0055509787780401755,0.0005003776350801926,0.00968005132284615,-0.018012250798120008,-0.0015431739047437137,-2.4095744680874277e-06,0.01232778436169,0.000809168124091198,0.015476793969712814,0.002987832965359748,-0.002884957537454639,-0.0017775347491200764,-0.007293006776128842,0.0018586162990625618,-0.0005795603966478419,0.0028392619713981868,-0.007186510665736522,0.007579255787255934,-0.025242473140716554,0.0,0.037112347447575696,6.095353504515839
0.014095699731153544,-0.03153968398166193,0.01567724627146137,-0.01726594904341508,-0.013526480365183864,0.00021562750413684154,0.009849694746538143,-0.016439535969571716,-0.00245890978891863,-0.0008269978347552866,0.009678663241104652,0.004243386072596801,0.002056516319654276,0.004144601730952129,-0.002236792668895176,-0.0025379835030056807,-0.007056960307392828,0.0015313729157212207,-0.000520317087352893,0.004995029829324532,-0.005199176544196349,0.005746897049964229,-0.019575597254428506,0.0,0.03711234529509247,6.194713763216589
0.011572712402610472,-0.03661776973206437,0.014105179765002245,-0.017910022323068438,-0.00443291923696143,0.0006448841576228202,0.006271561376844564,-0.007418849550134183,-0.0009066873134352707,0.0004161603376270899,0.013363276934711293,0.0008756137789080624,0.012551186480148248,0.0029420852344939213,-0.0024219240991274725,-0.0022171564215097196,-0.008044882045116018,0.001970327211498664,-0.00046942912350974637,0.0025999306579054635,-0.008129879270155257,0.007399843832948202,-0.03309289199140936,0.0,0.0371123911906488,5.994377394197454
0.012548934738978565,-0.03473991252285636,0.011004865908899417,-0.016680381754177524,-0.0038107935845029628,0.0006186306030204789,0.010452411967971488,-0.011422817504782657,-0.00012525056675583812,0.00035997619723524276,0.01311817524788115,0.0006983383049243879,0.015826347769342337,0.0034410720351918324,-0.002596798665511817,-0.0016157975386328473,-0.008525404994019851,0.0018947380404816135,-0.0004170980378781374,0.003763010847409737,-0.00720592102160475,0.007742230777749141,-0.04127820518453284,0.0,0.03711248661270741,5.991940345640321
0.014999999999999998,-0.06,0.0,0.0,0.06,-0.06,0.06,-0.0008619095744680852,-0.01366030215805436,-0.046342107416413716,-2.6377659574466914e-05,0.05994871276595745,-1.8829787234042605e-05,-0.06,-2.1973404255321016e-05,-1.4441489361702308e-05,0.0599651170212766,-0.06,-0.0008729999999999988,0.05996947340425532,-0.06,0.05998598936170212,-0.06,0.0,0.037112636243670755,5.9501241165167205
0.014999999999999998,-0.02483422619514265,0.024834226195142656,-0.033391664066600726,-0.012997798624905146,-0.00020164425654998846,0.006104163070346239,-0.018745145456231353,-0.0016298202405271216,-2.4095744680874277e-06,0.009829350292352988,0.006561660527324796,0.03486456811092664,0.003948497550892335,-0.0022085048928472827,-0.002860035288659394,-0.011085386348896087,0.0011033390825900228,-0.000548903174363979,0.005166676736816887,-0.004482704965173186,0.010242493486663097,-0.051616380904860884,0.0,0.037112533632610176,5.97040327209985
0.01268287028458217,-0.039174206197253265,0.018118868352211458,-0.015003755279937442,-0.005639678621522451,0.0007486063537765483,0.008547266668708713,-0.02209990532538597,-0.004041975809647855,-2.4095744680874277e-06,0.011750181353406742,0.001398824106492521,0.014820449783691509,0.003247729986722126,-0.002130975941979476,-0.0018490371947231128,-0.006820539049194037,0.0013640069108333418,-0.0005449768237203677,0.0026044163761776047,-0.00632245531907456,0.007116617883564321,-0.025719571859430617,0.0,0.037112336606793764,6.44538356207841
0.014999999999999998,-0.02733694996327586,0.02733694996327586,-0.04881238036242668,-0.0008518922601143137,-0.007186721808067121,0.027234723463696226,-0.011331905749908345,-0.0037691947634630727,-0.0030091286531127477,-0.013164196675114587,-2.2755319148937134e-05,-2.8531914893614727e-05,0.008638720973418935,0.006821834512281517,-0.00026615530068084076,-0.015269224653104712,-1.53031914893631e-05,-0.00059992046075357,0.019496235884856192,-0.0197998420198473,-9.973404255317341e-06,-4.0372340425504085e-06,0.0,0.037112330523124966,7.65204562581112
0.008657702921804867,-0.03840363118764605,0.015259458272412221,-0.014853746391755024,-0.004564702574893892,0.0006267787642107323,0.006946859705018289,-0.007933794990176773,-0.0010182852894928826,0.00045561697680093365,0.01376286181984783,0.0009417354044594888,0.011987328599236416,0.0032941014694339104,-0.0025490077879112647,-0.001970574206720988,-0.007794176739070277,0.0017482608967114687,-0.0004383686278628127,0.0023697062879435953,-0.007967024354132962,0.007847229385626821,-0.03335397729001387,0.0,0.0371123619239929,6.09953327686543
0.010328137133781978,-0.0394451105526492,0.011660951432360003,-0.01385322239595981,-0.0050730345125327096,0.0004836933966390889,0.007038163856517787,-0.008866629255094195,-0.0004674652358778477,0.0004166295028400539,0.012707947954358312,0.0005960498211187687,0.015373336159999673,0.003277618534384535,-0.0022876963490914034,-0.0019422308232485113,-0.00868124059800541,0.0017426843117814448,-0.0004775858193375129,0.0027966121488772733,-0.006299485916815406,0.006468717464897827,-0.032446489195114954,0.0,0.037112354348000656,6.168436686160817
0.012882263801478874,-0.03466042069822739,0.015169953641629742,-0.016272221319398678,-0.005024316196592662,0.000652420316799201,0.00560503958092039,-0.007509969686408893,-0.001189948991588936,0.0004957078000674492,0.014633131975639603,0.0009732850775653456,0.013062291927523631,0.0032967991762101086,-0.0025897408264954624,-0.0021928663462635616,-0.00832733799458988,0.0017461085898140664,-0.00042508753138309924,0.0025168008712527384,-0.00781455230486,0.007457346509711323,-0.03943433630897413,0.0,0.0371124668580631,6.016435376092892
0.010912232203486171,-0.022836821652035193,0.011422381327360724,-0.01592692291436636,-0.005271620812818625,0.0006124545371221018,0.009490321355061141,-0.011289323874270632,-0.0009047347214713114,0.0002834212010799314,0.01375507126801435,0.0007712326140342532,0.01340490051480807,0.003817458740681323,-0.0026020845998440544,-0.0022097089953516395,-0.007432512460568614,0.001708609036696748,-0.000551440725287779,0.0029093892100989054,-0.007719691741043079,0.007262040070630901,-0.04655429851818753,0.0,0.03711267771504224,5.984173319173079
0.010096740541573416,-0.033865319242193576,0.013448190723986952,-0.019970455269282643,-0.004986826279273639,0.0005543902512380403,0.006134172874866249,-0.0113435810427023,-0.0008522279958021129,0.00025697465851214145,0.011526604689025092,0.0008551642844838097,0.013546341659428592,0.0037813926686720172,-0.0021995488245896313,-0.002032113169094973,-0.008228297319742308,0.0019817211479290562,-0.0003864322511342428,0.003151461697502385,-0.008340154054484494,0.0072903827328347805,-0.027368231417922835,0.0,0.03711237120487387,6.147994925095128
0.01450486743621987,-0.03894786088576147,0.009388041441877458,-0.015966200958140223,-0.004757246244406638,0.00046414298395620543,0.008101961988819842,-0.017787705762565043,-0.000861909574468081,0.0006750030702035352,0.00956352262066113,0.0006149177783406663,0.021023419998332116,0.002902377447276257,-0.002298539081706069,-0.0018098574413318528,-0.007359310036736147,0.00160242577252853,-0.0005915079646805842,0.002626662617739896,-0.008682763755597712,0.006545286939598941,-0.025899377326330818,0.0,0.037112355398158034,6.200189114357377
0.012528148091355424,-0.030991260759893433,0.01238557256427155,-0.015855833027779355,-0.004889250908210072,0.000545273877830681,0.008846215874352484,-0.010429700647018534,-0.0008154950989160164,0.00045780996655074606,0.015237009817002656,0.0008841545164162087,0.013608630515120379,0.0033438320585391997,-0.002488598912588416,-0.0016616010823321235,-0.009361218177784793,0.0017692579569909266,-0.0004554724995661468,0.0023255170602981498,-0.00619196223997601,0.006885197650704673,-0.04262587553153838,0.0,0.03711254809804413,6.187554733632503
0.01232430401095575,-0.038523845554470824,0.014581699156264921,-0.013270838874969909,-0.005193076637990894,0.0006238110147928033,0.01055728556503012,-0.018502793182514868,-0.0020195053467712814,-0.0006422174258525811,0.013349418208732656,0.0014599420994950395,0.015131652994172436,0.00344488603929402,-0.00161335733271642,-0.001640014259588678,-0.007503395902328931,0.0014752934092190674,-0.0005764966171393627,0.002653082826252248,-0.006801094715424926,0.005808640091013535,-0.03207302850162414,0.0,0.037112396231833045,6.342754321539362
0.011515280777766266,-0.032001217036876264,0.011201667033731176,-0.015845540798822232,-0.005801988863475299,0.0006674434992997418,0.010019412182057704,-0.017406233616089936,-0.001415357268611636,-0.0004887312698989699,0.013633181329815912,0.0004512858256941498,0.012669083587085064,0.0020699132220332343,-0.0017093348905777236,-0.0019765936937918287,-0.008215251140581846,0.0016389557428697675,-0.0004444768630713829,0.002962591025708764,-0.005607502564979073,0.008477171926110992,-0.0313434070815668,0.0,0.03711245017090416,6.342253929727512
0.01095747917153682,-0.03013702049540028,0.01128014098838207,-0.015325789477364645,-0.00617283930032762,0.0005029681068721674,0.009721792849402524,-0.020443089429403438,-0.002696377550136505,-0.00013689470628466759,0.013952642170716525,0.001018153066275593,0.01564982966446753,0.003268712589599992,-0.00194847704992656,-0.0017442351086840505,-0.007763225806680221,0.0016546351821259233,-0.00023390266446891858,0.0018671311778253475,-0.005091658989606643,0.006196866839872327,-0.03132649016496349,0.0,0.03711247519469689,6.337224475017885
0.014999999999999998,-0.04219379959976508,0.018661251726399996,-0.010856343421114694,-0.0026242264281050452,0.00034269212600315145,0.011991355120102397,-0.019016530772795304,-0.004807374125933138,-0.006703006745461375,0.008935221175006959,0.0011578727043623633,0.016211979030950372,0.00437112736367446,-0.001830335344117772,-0.0019620835656281653,-0.011953236714757377,0.0013874982114820266,-0.0004538483432516216,0.004177941464859226,-0.005023603165114212,0.006151621879925857,-0.02791382151289323,0.0,0.037112387420294185,7.389709485790405
0.013754220671474486,-0.028983122933882142,0.03022890226240765,-0.012599065348984946,-0.023538679336266227,-0.0012557452796582707,0.0229960068120688,-0.006162606712510724,-0.005932089180422308,-0.005607435399754217,-0.01226408561850218,-0.0165497520636295,0.003100991963526221,0.0017013017689608372,0.008275692799213764,-0.001029933190310506,-0.01215140972436904,-8.828933209495474e-06,-0.00031394901936047183,0.015183456109967861,-0.015779507944631933,0.00884336328299151,-0.008857373921289376,0.0,0.03711238659233665,7.646866474140616
0.012223292166860147,-0.031038602430338135,0.020376442759155938,-0.01919493437685776,-0.005929481129332553,0.006139042976990081,0.013368710983214687,-0.015642595824294458,-0.0010494735069745238,-0.0010038704971904275,0.011347501515581206,-8.82278496941568e-05,0.012560930830858264,0.000625637517110734,-0.0015354578532349302,-0.0017915661745228617,-0.006989776456726546,0.000476154478613852,-0.0008479893816996893,0.003932526017004475,-0.005713002777690025,0.008415166428559639,-0.04559007635156317,0.0,0.03711260923156562,6.284496516534742
0.014999999999999998,-0.03379659171481294,0.018351813440536976,-0.020066939388740667,-0.005510242105275138,5.184947397180343e-05,0.010142823491992756,-0.021249602156421677,-0.004663842157128538,-0.004123588033058753,0.010709930019093402,0.0015991984299445,0.01427116818466391,0.0041306898628224314,-0.0020595133442948667,-0.0015671238178619313,-0.008838611710023767,0.0012491604861147457,-0.0005170633287290542,0.003086248155528113,-0.005265724561316013,0.006354631258002899,-0.024238319421178395,0.0,0.03711239668678818,6.758501963800301
0.014999999999999998,-0.02164700464333416,0.013980188333988017,-0.03903856712114769,-0.010133605007220091,0.00023551517091043286,0.013523713926127959,-0.01692024065932447,-0.000861909574468081,-2.4095744680874277e-06,0.013272666066422537,0.002485101705197171,0.007906035541454044,0.002509440222768696,-0.0009023111449985027,-0.001979639194352233,-0.010795002028580867,0.0003346719674121776,-0.0007230267080076651,0.003290345378233061,-0.004264317469643873,0.003223578319809682,-0.015442872442948263,0.0,0.037112400078524815,6.543701443413025
0.014245102962308041,-0.02904376404840044,0.00920219498184127,-0.016159086206842702,-0.005118598710213932,0.0001174681845358727,0.011612244351603256,-0.01733237188854651,-0.001954812880224557,-0.002487578539984355,0.0075063467354510695,0.0014141638313103925,0.014995245553656689,0.0027039815210703963,-0.002879446776718957,-0.0027966514131463594,-0.009209681412001553,0.001729812194326625,-0.0005839387404093904,0.006753992583382644,-0.00289915345333222,0.008122850513679664,-0.034887968279515146,0.0,0.03711254073972077,6.422458791091696
0.012738084021912429,-0.033114738597275296,0.014254496626293106,-0.02877220728509983,-0.007218557401619425,-0.0028870773642109826,0.03151841463315552,-0.0215770991252902,-0.004529502238228717,-0.00627613241857278,-2.6377659574466914e-05,-2.2755319148937134e-05,-2.8531914893614727e-05,0.005392915362721524,0.031480349900469065,-0.0003831745783561029,-0.01488770126861628,-0.0013406277336647243,-0.0002123935888380051,0.025528111939878112,-0.02955575501300703,0.016022045411530746,-0.03305143532573433,0.0,0.037112394446792846,7.647634568855031
0.014999999999999998,-0.06,0.031052735836707323,-0.0087905107734277,-0.0017537461691930888,0.019502769303524736,0.019988751802388727,-0.02225784650504585,0.012130062452541676,0.0017654234375206145,-0.02207124057657099,0.006202919625414433,-0.0361263728794936,-0.000603759384153521,0.02105821198124246,-0.003795715552603952,-0.01731849110948957,-1.53031914893631e-05,-0.00025764796535335087,0.0064402296974584205,-0.007086108327849741,0.02538759820276137,-0.025401608841059242,0.0,0.037112386602022665,9.25541615505168
0.013726209743459658,-0.03372810265495851,0.019040229908421413,-0.019859728999288943,-0.006113450987878325,-3.598458975688319e-05,0.009338769889249934,-0.016681596275814045,-0.004471545224968576,-0.004642177468316484,0.008724361169404775,0.0025803707115759486,0.021990325530012015,0.0032329087497750698,-0.0022132149113872736,-0.0014258831408793483,-0.009581790853491217,0.0011338906320134342,-0.0005423436565551658,0.004429040940283184,-0.004486038434793903,0.010386264116932059,-0.03775016312920904,0.0,0.037112453718145255,6.560563502183834
0.014999999999999998,-0.028753722319475428,0.025687303766766187,-0.024816224894089314,-0.013671317632970475,0.00042484810805775135,0.007732537821833782,-0.017457151330080804,-0.000576258941916427,-0.004720269871216715,0.009309045044292466,0.0013877357773814257,0.018158285252936113,0.004123033891871499,-0.0016290324888935176,-0.002201282503202349,-0.014191835766494373,0.0010450317327446556,-0.0003819380343265881,0.002561236238374431,-0.004021323080498268,0.00466967817719751,-0.02462802788446176,0.0,0.037112411078728855,7.272180380713069
0.006488629540434787,-0.03724756822849397,0.033977444983281445,-0.02965799158579956,0.006245522267695502,-0.0024494736340945136,0.017382302513188206,-0.010867204633140547,0.009181649518673868,0.02032045272155614,-0.020580765815473204,-0.019265581393895063,-0.0020019580245290505,-0.0013329395049336834,-0.008194204402278483,-0.00047118945780238466,-0.007543933375027781,-1.53031914893631e-05,-0.00039624097008562393,0.00767731158150674,-0.0014648711558964047,0.018736823303917547,-0.0254705599934848,0.0,0.03711244685479993,6.610050394323163
-0.045000000000000005,0.0,0.06,-0.006080692156361906,-0.02709852770165185,-0.0030571425720463674,0.0324818906190543,0.0028925622365377356,-0.052401662989335566,0.028236862630264967,0.02411325780587911,-2.853191489361681e-05,-0.06,-1.8829787234042605e-05,-2.090122036403062e-05,-4.107206202581428e-06,-3.098625428444579e-05,-1.53031914893631e-05,-0.0008729999999999988,0.03286073595390478,-0.032891262549649455,0.0033812887179959137,-0.0033952993562937793,0.0,0.037112439566587885,6.734920076738926
0.014999999999999998,-0.019878691715265365,0.019064094174620128,-0.02505047397563966,-0.011773305076528547,0.0004912517402265873,0.015287765928086297,-0.023778467952602484,-0.006202775731626566,-0.004587377534677649,0.012620710495966381,0.0005202786343273179,0.017517349915593658,0.006571276776224186,-0.0007606117305129304,-0.0033801631853273982,-0.009455872486403089,0.0013149954119180574,-0.00039766695785411815,0.00613481157767127,-0.006274746809226445,0.008347004301382365,-0.038279034736522215,0.0,0.03711258025138972,6.469305014840355
0.014999999999999998,-0.0344178403585245,0.024638853353385656,-0.036997315710007105,-0.0056159205915723015,0.0004763599789848173,0.01850354595673266,-0.01649031278783403,0.000494773651550613,0.015195197243190196,0.017978917299225083,0.004973818858001309,0.00875347429775311,0.001523661575071943,-0.006897530336591486,-0.0027682476991859675,-0.0233801397531011,0.0004978957458537372,-0.0006508437875170902,0.005475683856635099,-0.003713745101067359,0.0030222797032150458,-0.032552214330368534,0.0,0.03711243273169344,7.9126982369035215
0.014999999999999998,-0.02833732708149576,0.01726797401166685,-0.02064368445515914,-0.008817876815677795,4.3386857192529456e-05,0.008956509639483433,-0.020011904494926402,-0.0019484810764371745,-0.002595781845144332,0.009140232798765949,0.0005506081946336904,0.01223253660505783,0.0037674877203375725,-0.0016327268113305183,-0.0012638642916568436,-0.010282356625306173,0.0018890456585351205,-0.00038470152903898204,0.004958949267873096,-0.004826579348355376,0.006499063664265717,-0.026510158979453496,0.0,0.03711246518714795,6.67192816491168
0.014999999999999998,-0.02801316530805781,0.024447079411499605,-0.02255681228703274,-0.013816384627070286,0.000659419069433982,0.010504746849489273,-0.019790253633049693,-0.0015550488685041944,-0.00497986895913151,0.010158187729593074,-0.0002883315433947605,0.018225411382159065,0.00404557776721925,-0.0025760332443093494,-0.0020790531599308754,-0.011338984671792951,0.001166620214498582,-0.0006255634916137995,0.00441355177206789,-0.005213224366638746,0.005937594467689593,-0.028675113439293798,0.0,0.03711244624132104,6.8673588648100505
0.014999999999999998,-0.03356824292537993,0.03186311408875022,-0.02507301903347992,-0.014251111584363063,-0.001386333184753962,0.017375563430168935,-0.014276986140455077,0.0023977677798108555,-0.005936877617860137,0.019944238250326495,0.00021006153321248439,0.015636198289266993,0.003130218346982692,0.0014890847338696028,-0.0022553984161635425,-0.014364921802804817,0.0002940975380044449,-0.00065081111126172,0.0027727140387894585,-0.004848986675631432,0.009142865453330087,-0.049592883926528886,0.0,0.03711244462297492,6.868697496801982
0.014999999999999998,-0.023709473280078625,0.016743454015121177,-0.01752542738295128,-0.005222147990984318,0.00011518447037161643,0.00895347899649561,-0.016631660701069226,-0.0026757898304448726,-0.003054661575531338,0.007941317126129084,0.0014390747088072438,0.02050725711962462,0.0022243598311204255,-0.002589152193600478,-0.0016000561679182658,-0.010031572375472836,0.0014968323605332636,-0.0003956234503703945,0.004851506475995404,-0.003967271336120182,0.009603356113303601,-0.04842263386913044,0.0,0.037112710970208476,6.520974055364385
0.014999999999999998,-0.015019523184641009,0.015019523184641007,-0.02942859233922196,-0.0028892892497457117,0.0031102408380167795,0.011148528368756322,-0.02220361640329645,-0.005686523839153614,-0.004913272528802785,0.009113430266955649,0.0001186515701787723,0.01993940252247425,0.003171184212289096,-0.0022143387213111594,-0.0014795523451284086,-0.007578705924872476,0.0008351715447043715,-0.000518747737092548,0.00507278665637272,-0.006058463114028081,0.00397523837681214,-0.035463181090077095,0.0,0.037112747184652795,6.497903683809787
0.009332828266723126,-0.02493478907564592,0.01608349036976195,-0.01713908550738139,-0.009289924257521025,0.000253214883953169,0.014355572775098331,-0.016281377846956768,-0.007405261028291188,-0.0041473905476045615,0.008354972410060736,0.00022335533316407004,0.018687564933143674,0.0037069951047099393,-0.0015547040627287905,-0.0012999120828178295,-0.013118137731085699,0.0017027115949317904,-0.000596250250769388,0.004346117729657536,-0.0050038689139194,0.006142695661622952,-0.029368466694275515,0.0,0.03711254052045448,7.311778667685271
0.014999999999999998,-0.03159290216459088,0.020709476660756006,-0.01998245994586882,-0.0007099642117684273,-0.0002475952104896324,0.01008503284211713,-0.020839892644430397,-0.006343261023959999,-0.0038720478664551034,0.007853916945030423,0.0019377381091488788,0.020969940498991327,0.003669192460660531,-0.002034300215687856,-0.0012104198252249595,-0.011703528476562775,0.0021454366444384077,-0.0003787804617505208,0.0031389713623892744,-0.005165688928802291,0.006181403877730299,-0.03455991736184084,0.0,0.037112557240157516,7.090572319856195
0.01288661538498191,-0.02428365119637225,0.025510272959759567,-0.019181079773635715,-0.010194165357323417,3.544090440739902e-05,0.006826466088106997,-0.014396514316522354,-0.005501489460391733,-0.0032385092584176684,0.012014243384034165,8.194079294430083e-05,0.005557860579894268,0.006900659294337322,0.0022957726767418906,-0.0028578007628674066,-0.0143963019974061,0.0018888522660342993,-0.00032638782237656466,0.001440058677636357,-0.0005659767778255047,0.0002113034988609532,-0.027657258720770923,0.0,0.03711253018131302,7.482061246636035
-0.016731733877471944,-0.028268266122528057,0.02474891297479546,-0.024748912974795464,0.0,0.0,0.017785327213444772,-0.013293996641934045,-0.005353240145978808,0.019341711485742277,0.003966930699636305,0.009728724033942657,0.012891675916276504,-0.0012635162227459529,0.01048773513871726,-0.0010337056594163325,-0.013102964901351521,-8.368963692266929e-06,-0.0007398170507458055,0.009407187946165574,-0.008868388765984355,0.018105056981753524,-0.06,0.0,0.03711256495615964,7.005478997600811
-0.045000000000000005,0.0,0.0,0.06,0.0,0.0,-0.06,0.0,0.059135680851063833,-2.6377659574467958e-05,-0.06,-2.2755319148937134e-05,0.05995263829787234,-0.06,0.05996358510638298,-0.06,-1.957978723403919e-05,0.05911169680851064,-0.06,0.05996947340425532,-0.06,-9.973404255317341e-06,-4.0372340425504085e-06,0.0,0.037113506759750885,6.535819653191483
0.014999999999999998,0.0,0.0,-0.06,0.06,-0.06,0.0,0.05913809042553191,-0.06,0.059971212765957446,-0.06,0.05994871276595745,-0.06,-1.8829787234042605e-05,0.05996358510638298,-1.9579787234042315e-05,-1.530319148936206e-05,-0.0008729999999999998,-1.7249999999999555e-05,-0.06,-1.3276595744676767e-05,-9.973404255317341e-06,-4.0372340425504085e-06,0.0,0.037113192219875996,6.856659943085105
0.012082569321858133,-0.009167457288040583,0.012084887966182447,-0.029730845969972514,-0.013170258029582422,-6.571982961857852e-05,0.008246614733507324,-0.020495609050339498,-0.0030980346199357897,-0.0025504663829946927,0.009577117037982778,-3.273078466329403e-05,0.01794583792951933,0.004710964140042218,-0.0014364276632587176,-0.0028925433084955056,-0.01392640185244492,0.000692228474116775,-0.000572208727636058,0.005303110450390588,-0.004748781955009967,0.0044928066555476745,-0.020198300183324924,0.0,0.03711260500392368,7.324016447530116
0.014999999999999998,-0.015063935690626048,0.015063935690626046,-0.026940975318873833,-0.009092815416678906,0.00042282103042529427,0.010092341609554788,-0.020483552045635456,-0.0028904126028111202,-0.011971726404916937,0.0009363249574309342,0.0012271945478559312,0.019006077156822107,0.008175781803525706,-0.0037425188511784613,-0.0015589114761703174,-0.01684717133170649,0.0023021205609784824,-0.0006042940949400553,0.005239611067342735,-0.0037308361555911675,0.006564692215410531,-0.018053400187013964,0.0,0.03711259182145561,7.967974954400182
0.010819404580459865,-0.02979502742859712,0.02503855123805662,-0.023099010969257858,0.013679311993017683,0.01835677058632081,0.0,-0.013958017928150317,-0.03164948476508974,0.02673162243981751,-2.305239700557042e-05,0.003796020673101442,-0.04583907206522653,0.05995919680851064,-1.536917726476692e-05,8.869758800633224e-08,-0.03845708789515183,-0.003813930809855657,-0.0005356586229150608,0.04186910674376953,-0.03619518339790542,0.01799474565376406,-0.041813572894156506,0.0,0.037112582178850585,12.331873747483428
0.013044317723315782,-0.014576018132757934,0.015204768217446504,-0.02650303297187884,-0.002131495286314335,0.0001859751891184843,0.005297614587557752,-0.02315965410535964,-0.0015971377253573653,-0.0010113022887685505,0.011780885292759216,6.044903394032093e-05,0.021672389936509374,0.008030130345103761,-0.0027120174654561764,-0.0028058497091590436,-0.015106236579477433,0.0007218955521260617,-0.00046048750859166535,0.00668645171030337,-0.006195879738882834,0.007519760452520032,-0.04089517546486706,0.0,0.037112725969848784,7.481031032447087
0.014999999999999998,-0.0200471278733708,0.020047127873370804,-0.017768022481628176,-0.011421156757512657,0.017824305288469264,0.01136487395067157,-0.018216090395734835,-0.042645819178733245,0.01962284481431227,-0.018225031266485992,-0.0014493561010177735,-2.8531914893614727e-05,0.01122079616441686,0.00844691100072084,-0.002293116933294846,-0.010550208257038597,-0.0019381964801466068,-0.00032289768596498636,0.018528831984488053,-0.016667000146663818,0.006458364140056108,-0.01389114868019001,0.0,0.03711272656435038,8.371287808200012
0.014999999999999998,-0.005969881640991059,0.005969881640991059,-0.026927723730663294,-0.0029146175600187445,-0.00694567944963709,0.029662833474675798,-0.01599643467981732,-0.002446764660724579,0.0014748505113257489,-0.008932413708707194,-0.017338549952468724,0.0007442849770723331,0.005993567124986033,0.008870373727716176,-0.0004370705108742514,-0.021553530668575644,-1.8567153658189712e-05,-0.0002699433094548742,0.009474146414235222,-0.01276138078034219,0.0105174273790802,-0.012144456380319623,0.0,0.037112786661489414,9.161757634778434
0.012479658183453445,-0.0010318506791035565,0.0035521924956501104,-0.010598797128280898,-0.02242431529603957,-0.003838608837806299,0.03686172126212677,-0.00011710948142972053,-0.0007472096675064502,-0.018494034665966066,-0.03825432610698052,-0.0033007722057768166,-2.8531914893614727e-05,0.009205704062221261,0.03298623702855127,-0.0027642031198126062,-0.015928226062049754,-0.010629203237042797,-0.005196675946211993,0.05133271301902548,-0.01979840768287304,0.01978439704457517,-0.06,0.0,0.03711305842331086,9.481085091075125
-0.02753376439336615,0.042533764393366154,0.0,-0.06,0.013173742042597615,0.007767619213455881,0.01646982965196163,0.0009138036224954285,-0.03918690410497864,-2.4095744680874277e-06,-2.6377659574466914e-05,-2.2755319148937134e-05,-2.8531914893614727e-05,0.03455594651655194,0.02538880880259699,-1.9579787234042315e-05,-1.530319148936206e-05,-0.0008729999999999998,-0.020720369115572044,0.020689842519827365,-0.06,0.04395465103536981,-0.043968661673667676,0.0,0.03711320413925329,9.269251005314164
-0.045000000000000005,0.06,-0.06,0.06,0.0,-0.06,0.0,0.0,-0.000861909574468081,-2.4095744680874277e-06,0.059950867021276597,-0.06,0.05995263829787234,-0.06,0.05996358510638298,-1.9579787234042315e-05,-0.06,-1.53031914893631e-05,0.059109749999999996,-0.06,-1.3276595744676767e-05,-9.973404255317341e-06,-4.0372340425504085e-06,0.0,0.037113462593665755,9.44829318510639
0.014999999999999998,0.0,-0.06,0.0,0.0,0.0,0.06,-0.0008619095744680852,-2.4095744680853457e-06,-2.6377659574467958e-05,-0.06,-2.2755319148937134e-05,-2.8531914893614727e-05,-1.8829787234042605e-05,0.05996358510638298,-1.9579787234042315e-05,-1.530319148936206e-05,-0.06,-0.0008729999999999988,-1.7249999999996435e-05,0.059976749999999995,-0.06,-4.0372340425504085e-06,0.0,0.03711342060086832,15.600449020212764
-0.045000000000000005,0.06,0.0,0.0,-0.06,0.06,0.0,-0.06,0.059135680851063833,-0.06,0.059950867021276597,-2.853191489361681e-05,-1.8829787234042605e-05,-0.06,0.05996358510638298,-1.9579787234042315e-05,-0.06,0.05911169680851064,-1.7249999999999555e-05,-0.06,-1.3276595744676767e-05,-9.973404255317341e-06,-4.0372340425504085e-06,0.0,0.037113845466368055,9.270549909574465
-0.008739622129185672,0.017215415093785342,-0.05347579296459967,0.0,0.010972960810160484,0.049027039189839514,0.0,-0.003503121399800097,-0.05735878817466798,0.027969197745246543,0.006150772243659596,-0.0004252515884638347,-0.0006094226493923207,0.02679382658937554,-1.4441489361702308e-05,-1.9579787234042315e-05,-1.530319148936206e-05,-0.014304619700059355,-0.04656838029994064,0.0017170947848167927,-0.0017476213805614675,0.05998598936170212,-0.06,0.0,0.03711363185629093,15.574867394800965
