id,metric,original_value,harmonised_value,absolute_difference,relative_difference_pct,matches_within_tolerance
R01,objective,11380835.609376889,11380835.609376887,-1.862645149230957e-09,-1.6366506055990193e-14,True
R01,mainland_import_mwh,11326.023306811796,11326.023306811796,0.0,0.0,True
R01,mainland_export_mwh,0.0,0.0,0.0,,True
R01,battery_charge_mwh,10557.640351190204,10557.640351190203,-1.8189894035458565e-12,-1.7229128318817894e-14,True
R01,battery_discharge_mwh,8762.007437900123,8762.007437900123,0.0,0.0,True
R01,battery_throughput_mwh,19319.64778909033,19319.647789090326,-3.637978807091713e-12,-1.8830461335563553e-14,True
R01,battery_equivalent_full_cycles,131.67698874788937,131.67698874788937,0.0,0.0,True
R01,battery_charging_hours,1828.0,1828.0,0.0,0.0,True
R01,battery_discharging_hours,1624.0,1624.0,0.0,0.0,True
R01,battery_mean_soc_pct,24.904375372762477,24.904375372762473,-3.552713678800501e-15,-1.426541973297611e-14,True
R01,wind_curtail_mwh,92810.65082420416,92810.65082420415,-1.4551915228366852e-11,-1.56791436102847e-14,True
R01,wave_curtail_mwh,0.0,0.0,0.0,,True
R01,tidal_curtail_mwh,0.0,0.0,0.0,,True
R01,interconnector_max_loading_pct,58.54177310426918,58.54177310426918,0.0,0.0,True
R02,objective,10613563.724825764,10613563.724825764,0.0,0.0,True
R02,mainland_import_mwh,8366.397961080267,8366.397961080267,0.0,0.0,True
R02,mainland_export_mwh,0.0,0.0,0.0,,True
R02,battery_charge_mwh,10098.96142199539,10098.96142199539,0.0,0.0,True
R02,battery_discharge_mwh,8381.340162303837,8381.340162303837,0.0,0.0,True
R02,battery_throughput_mwh,18480.301584299224,18480.301584299224,0.0,0.0,True
R02,battery_equivalent_full_cycles,125.9562539824102,125.9562539824102,0.0,0.0,True
R02,battery_charging_hours,1761.0,1761.0,0.0,0.0,True
R02,battery_discharging_hours,1621.0,1621.0,0.0,0.0,True
R02,battery_mean_soc_pct,23.63000210878882,23.63000210878882,0.0,0.0,True
R02,wind_curtail_mwh,105879.7301751727,105879.7301751727,0.0,0.0,True
R02,wave_curtail_mwh,0.0,0.0,0.0,,True
R02,tidal_curtail_mwh,0.0,0.0,0.0,,True
R02,interconnector_max_loading_pct,52.04320414332327,52.04320414332327,0.0,0.0,True
R06,objective,10330507.754069531,10330507.754069531,0.0,0.0,True
R06,mainland_import_mwh,7321.965078152343,7321.965078152343,0.0,0.0,True
R06,mainland_export_mwh,0.0,0.0,0.0,,True
R06,battery_charge_mwh,9987.123366313925,9987.123366313923,-1.8189894035458565e-12,-1.821334669481723e-14,True
R06,battery_discharge_mwh,8288.523411294618,8288.523411294618,0.0,0.0,True
R06,battery_throughput_mwh,18275.64677760854,18275.64677760854,0.0,0.0,True
R06,battery_equivalent_full_cycles,124.56138752459476,124.56138752459475,-1.4210854715202004e-14,-1.1408715812832495e-14,True
R06,battery_charging_hours,1758.0,1758.0,0.0,0.0,True
R06,battery_discharging_hours,1627.0,1627.0,0.0,0.0,True
R06,battery_mean_soc_pct,23.310144545310298,23.310144545310298,0.0,0.0,True
R06,wind_curtail_mwh,111230.31135617426,111230.31135617426,0.0,0.0,True
R06,wave_curtail_mwh,0.0,0.0,0.0,,True
R06,tidal_curtail_mwh,0.0,0.0,0.0,,True
R06,interconnector_max_loading_pct,51.52015281669047,51.52015281669047,0.0,0.0,True
R03,objective,10983414.332564658,10983414.332564658,0.0,0.0,True
R03,mainland_import_mwh,9340.813203867225,9340.813203867223,-1.8189894035458565e-12,-1.9473565778970615e-14,True
R03,mainland_export_mwh,0.0,0.0,0.0,,True
R03,battery_charge_mwh,14165.48972744806,14165.489727448059,-1.8189894035458565e-12,-1.284099200623649e-14,True
R03,battery_discharge_mwh,11756.23740009342,11756.237400093421,1.8189894035458565e-12,1.5472547394555015e-14,True
R03,battery_throughput_mwh,25921.72712754148,25921.727127541482,3.637978807091713e-12,1.4034476904999168e-14,True
R03,battery_equivalent_full_cycles,117.78320214259126,117.78320214259126,0.0,0.0,True
R03,battery_charging_hours,1892.0,1892.0,0.0,0.0,True
R03,battery_discharging_hours,1828.0,1828.0,0.0,0.0,True
R03,battery_mean_soc_pct,25.074974809094936,25.074974809094936,0.0,0.0,True
R03,wind_curtail_mwh,89434.23863683554,89434.23863683554,0.0,0.0,True
R03,wave_curtail_mwh,0.0,0.0,0.0,,True
R03,tidal_curtail_mwh,0.0,0.0,0.0,,True
R03,interconnector_max_loading_pct,58.54177310426918,58.54177310426918,0.0,0.0,True
R04,objective,10238241.248014877,10238241.248014877,0.0,0.0,True
R04,mainland_import_mwh,6661.002858704112,6661.002858704112,0.0,0.0,True
R04,mainland_export_mwh,0.0,0.0,0.0,,True
R04,battery_charge_mwh,13510.187422148254,13510.187422148254,0.0,0.0,True
R04,battery_discharge_mwh,11212.388255576703,11212.388255576705,1.8189894035458565e-12,1.6223032614315206e-14,True
R04,battery_throughput_mwh,24722.57567772496,24722.57567772496,0.0,0.0,True
R04,battery_equivalent_full_cycles,112.33449508235624,112.33449508235624,0.0,0.0,True
R04,battery_charging_hours,1851.0,1851.0,0.0,0.0,True
R04,battery_discharging_hours,1805.0,1805.0,0.0,0.0,True
R04,battery_mean_soc_pct,23.495975597828583,23.495975597828586,3.552713678800501e-15,1.512051995461227e-14,True
R04,wind_curtail_mwh,102619.51034817722,102619.51034817722,0.0,0.0,True
R04,wave_curtail_mwh,0.0,0.0,0.0,,True
R04,tidal_curtail_mwh,0.0,0.0,0.0,,True
R04,interconnector_max_loading_pct,50.05637286320819,50.05637286320819,0.0,0.0,True
R07,objective,9968069.835576829,9968069.835576827,-1.862645149230957e-09,-1.8686116569759868e-14,True
R07,mainland_import_mwh,5772.068974649278,5772.068974649278,0.0,0.0,True
R07,mainland_export_mwh,0.0,0.0,0.0,,True
R07,battery_charge_mwh,13256.712161945066,13256.712161945066,0.0,0.0,True
R07,battery_discharge_mwh,11002.023814153614,11002.023814153614,0.0,0.0,True
R07,battery_throughput_mwh,24258.73597609868,24258.73597609868,0.0,0.0,True
R07,battery_equivalent_full_cycles,110.2268992007392,110.2268992007392,0.0,0.0,True
R07,battery_charging_hours,1838.0,1838.0,0.0,0.0,True
R07,battery_discharging_hours,1815.0,1815.0,0.0,0.0,True
R07,battery_mean_soc_pct,23.690289182371245,23.690289182371245,0.0,0.0,True
R07,wind_curtail_mwh,108047.6892946188,108047.68929461879,-1.4551915228366852e-11,-1.3468048528726467e-14,True
R07,wave_curtail_mwh,0.0,0.0,0.0,,True
R07,tidal_curtail_mwh,0.0,0.0,0.0,,True
R07,interconnector_max_loading_pct,51.5442932051205,51.5442932051205,0.0,0.0,True
