snapshot,THSO3-,THU-3L5,THU-6L5,SCORRA3A,STROMN3A,STROMN1A,STROMN3B,STROMN1B,STROMN3C,BURGAR3A,BURGAR3B,BURGAR1A,ROUSAY3A,ROUSAY3B,ROUSAY1A,WESTRY3A,WESTRY1A,EDAY3A,EDAY1A,SANDAY3A,SANDAY1A,STRONS3A,STRONS1A,SHAPIN3A,SHAPIN1A,KIRKWA3A,KIRKWA1A,KIRKWA1B,STMARY3A,STMARY1A,NTHHOY3A,NTHHOY3B,NTHHOY1A,LYNESS3A,LYNESS3B,LYNESS1A,FLOTTA3A,FLOTTA3B,FLOTTA1A,NORTHF1A,FLTOCC3B,SCORRA3B,EDAY3B,FLTOCC1C,KIRKWA1C,SANDAY3B,STRONS3B,KIRKWA3B,THORNF1B,THORNFG1,THORNFG2,THORNF1A,SIGURD1A,SIGURDG1,STRONS3C,SPURNE3-,SPURNE3A,METC1,FLOTTA1B,NWP3-,HAMMARS3A,SCORRA3C,NEWBIG3A,NEWBIG1A,NEWBIG1B,NEWBIG1C,NEWBIG1D,BARNS3WA,BARNS3WB,EDAY3C,STHHOY3A,STHHOY3B,NEWHOL3A
2019-01-01 00:00:00,1.0,1.000024918053695,1.0000182564955624,0.9976141380090028,0.9973349992459289,1.0,0.9973271833327669,1.0,0.9931415385408658,0.9999792270756154,1.0,1.0,1.0004202679519472,1.000417399301074,1.004261230364618,1.002616534383035,1.0,1.0051645562238314,1.0138713162281727,1.0003723623881389,1.0060536063681653,0.9984241879651463,1.0083745637055346,0.9930753443000709,1.0,0.9868945808507529,0.9999720963986233,1.0,0.989854723732441,1.0,0.9978602973852513,0.9978478863771492,1.0,0.996129404908421,0.9961277257035296,1.0,0.9969657068509737,0.9969588918217166,1.0003913477066675,1.0,0.9970540790664558,0.9947250584667436,1.0030303302448191,1.0,0.9999820098382067,1.0003723623881389,0.9984241879651463,0.987488293369822,1.0,1.0,1.0,1.0001172588866782,0.9999933337101486,0.98647704086967,1.0,1.0002785814571378,1.0,1.0,1.0,1.0,1.0,0.9923285118435295,1.0092044681843397,1.0,1.0,1.0,1.0,0.9907685479016035,1.0,1.0030324071475216,1.0013930102399407,0.9995668058150838,0.9946612153614883
2019-01-01 01:00:00,1.0,1.0000246186172315,1.0000179538161873,0.9972317175969928,0.9942080287361188,1.0,0.9942003337259785,1.0,0.9931817355646214,0.9999801350454165,1.0,1.0,1.0007928975229412,1.0007904095316664,1.0059032369230785,1.0029547808876635,1.0,1.005341577099524,1.0143057060741054,1.0004031015835377,1.0070965545532857,0.9984312823871195,1.0088107059593379,0.993506966617636,1.0,0.9874973985257509,0.9999797135739715,1.0,0.990419262125192,1.0,0.9978399200158835,0.9978280711616541,1.0,0.9969970155093254,0.9969950177859611,1.0,0.9984203037087874,0.998412844374443,1.0004588528077554,1.0,0.9985593639330705,0.9944591609569732,1.0031425843130262,1.0,0.9999863415671751,1.0004031015835377,0.9984312823871195,0.9880493260749832,1.0,1.0,1.0,1.000117258886678,0.9999933337101485,0.98647704086967,1.0,1.0002921519805572,1.0,1.0,1.0,1.0,1.0,0.9920454487014355,1.0093757678573323,1.0,1.0,1.0,1.0,0.9912590883251368,1.0,1.0031460554816203,1.001207712016414,0.9993796200639077,0.9949629817497178
2019-01-01 02:00:00,1.0,1.0000250610447003,1.0000184010351674,0.9977967659840554,0.9992216321679417,1.0,0.9992137765161155,1.0,0.993069870677591,0.9999785347275506,1.0,1.0,1.000194728140993,1.0001916254984522,1.0032662141325526,1.0024119593453567,1.0,1.005057202974849,1.0136094265248914,1.0003538930281675,1.0054230204861034,0.9984186102952631,1.0081106377139863,0.9927842135715989,1.0,0.9864812606100329,0.9999671937372856,1.0,0.9894861778516882,1.0,0.9978235020982681,0.9978107903973263,1.0,0.9955629618588092,0.995561484043396,1.0,0.9960520818819504,0.9960456750556784,1.0003490869479974,1.0,0.9961105018065115,0.9948520399692108,1.0029622974498447,1.0,0.9999792446166785,1.0003538930281675,0.9984186102952631,0.987102311002056,1.0,1.0,1.0,1.0001172588866778,0.9999933337101485,0.9864770408696699,1.0,1.0002703924574383,1.0,1.0,1.0,1.0,1.0,0.9924636909523201,1.0091005845520382,1.0,1.0,1.0,1.0,0.9904437761861232,1.0,1.002963506812003,1.0014814988688336,0.9996561972201472,0.9944613880370651
2019-01-01 03:00:00,1.0,1.0000249284329803,1.0000182669872557,0.9976273942191521,0.9974482458032178,1.0,0.9974404237831788,1.0,0.9931401742171317,0.9999791891378463,1.0,1.0,1.0004051666635778,1.0004022825440286,1.0041950121601184,1.0026029010099327,1.0,1.0051574823628655,1.0138539248618135,1.00037111203907,1.006011659967875,0.9984241251751319,1.0083573038164724,0.9930607027835251,1.0,0.9868748703930879,0.999971817525495,1.0,0.9898341959717673,1.0,0.9978589790942305,0.997846547193739,1.0,0.9960927105669214,0.9960910445488101,1.0,0.9969057521872331,0.9968989638674292,1.0003885713355685,1.0,0.9969921169691889,0.9947342755296441,1.0030258430977843,1.0,0.9999818494758105,1.00037111203907,0.9984241251751319,0.9874697016239917,1.0,1.0,1.0,1.000117258886678,0.9999933337101485,0.98647704086967,1.0,1.0002780341370643,1.0,1.0,1.0,1.0,1.0,0.9923383239363889,1.0091976229472666,1.0,1.0,1.0,1.0,0.9907511130093556,1.0,1.003027868380484,1.0013994333083305,0.9995732943824226,0.994650488677073
2019-01-01 04:00:00,1.0,1.0000248638897542,1.0000182017450234,0.9975449614512882,0.9966892395696367,1.0,0.9966814385515819,1.0,0.9931604578467293,0.9999794389507854,1.0,1.0,1.0004949492915511,1.0004921577017818,1.0045910863490675,1.0026844008445657,1.0,1.0052002308999581,1.0139584585930057,1.0003784855564315,1.0062629673308514,0.9984262382395975,1.008462583381094,0.9931727982349048,1.0,0.9870332982634856,0.9999737330521816,1.0,0.9899773931156829,1.0,0.9978639261927577,0.9978516218646398,1.0,0.9963102599901339,0.9963085154486877,1.0,0.9972631887633442,0.9972562414016918,1.0004051310103304,1.0,0.9973616271573345,0.994676959901129,1.003052940707842,1.0,0.9999829327943618,1.0003784855564315,0.9984262382395975,0.9876173097865242,1.0,1.0,1.0,1.0001172588866776,0.9999933337101488,0.98647704086967,1.0,1.0002812995898194,1.0,1.0,1.0,1.0,1.0,0.9922773081588931,1.0092389898729504,1.0,1.0,1.0,1.0,0.9908767521730271,1.0,1.0030553097089008,1.0013594918170534,0.999532945666557,0.9947277853092146
2019-01-01 05:00:00,1.0,1.0000249075734264,1.0000182459017923,0.9976007528573907,0.9972221980999865,1.0,0.9972143884778274,1.0,0.9931426978402037,0.99997926444781,1.0,1.0,1.0004353665861279,1.0004325133852556,1.0043274197775967,1.0026301636626063,1.0,1.0051716246957563,1.0138887023501308,1.0003736132537338,1.0060955373123464,0.9984242376608357,1.008391807303938,0.9930897628223414,1.0,0.9869139273376029,0.9999723730021804,1.0,0.9898750564716492,1.0,0.99786147720376,0.9978490871911744,1.0,0.9961659617769473,0.9961642694155338,1.0,0.9970255370471772,0.9970186953741571,1.0003941187258152,1.0,0.9971159179377436,0.9947157517506026,1.0030348142126937,1.0,0.9999821690657951,1.0003736132537338,0.9984242376608357,0.9875065491824129,1.0,1.0,1.0,1.0001172588866778,0.9999933337101484,0.9864770408696698,1.0,1.0002791287029007,1.0,1.0,1.0,1.0,1.0,0.9923186043097154,1.0092113082066403,1.0,1.0,1.0,1.0,0.9907857810769285,1.0,1.003036942463032,1.0013865246881266,0.9995602541319608,0.9946718178573796
2019-01-01 06:00:00,1.0,1.0000250432476283,1.0000183830453522,0.9977740352520923,0.99902593509679,1.0,0.9990180959251269,1.0,0.9930703948238938,0.99997861009187,1.0,1.0,1.000225391905246,1.0002223207072585,1.0033998297497098,1.0024394541091806,1.0,1.0050713024067446,1.013644219358333,1.000356447818535,1.0055074013727165,0.9984181248253035,1.0081446169877246,0.9928056859705489,1.0,0.9865076387388464,0.9999676742472289,1.0,0.9895209855362108,1.0,0.9978301591066511,0.9978174861974743,1.0,0.9956402512766657,0.995638746222337,1.0,0.9961755017473173,0.9961690396489133,1.0003547906540255,1.0,0.9962378997971464,0.994836235257946,1.0029712459478983,1.0,0.9999795267236304,1.000356447818535,0.9984181248253035,0.987127952585982,1.0,1.0,1.0,1.0001172588866782,0.9999933337101485,0.9864770408696701,1.0,1.000271497723849,1.0,1.0,1.0,1.0,1.0,0.9924468659279607,1.0091142282944046,1.0,1.0,1.0,1.0,0.9904720272965715,1.0,1.0029725468863353,1.0014704852321046,0.9996450711713657,0.9944787717119181
2019-01-01 07:00:00,1.0,1.000025102992785,1.0000184434375516,0.9978503431816165,0.9997877184193371,1.0,0.9997798405134178,1.0,0.9930508200310879,0.9999783062016534,1.0,1.0,1.000118640428629,1.0001154588474563,1.0029322999180454,1.0023433276620817,1.0,1.0050215313756596,1.0135221274522697,1.0003476276152634,1.005211911000621,0.9984180064817844,1.0080237890575643,0.9927033248917101,1.0,0.9863704423316304,0.9999657195111454,1.0,0.9893762986551321,1.0,0.9978035134681055,0.9977907072870356,1.0,0.9953667349789602,0.9953653259441931,1.0,0.995740888528015,0.9957346212811068,1.0003347140042007,1.0,0.9957893955701449,0.9948892922727542,1.0029396810535307,1.0,0.9999784028727603,1.0003476276152634,0.9984180064817844,0.9869975327395039,1.0,1.0,1.0,1.000117258886678,0.9999933337101485,0.98647704086967,1.0,1.000267641936493,1.0,1.0,1.0,1.0,1.0,0.992503348173286,1.0090660658501491,1.0,1.0,1.0,1.0,0.99034924270731,1.0,1.002940625262986,1.0015074583475945,0.9996824217127026,0.994403217389874
2019-01-01 08:00:00,1.0,1.0000251015306612,1.000018441959593,0.9978484757100661,0.9998904146177358,1.0,0.999882560322271,1.0,0.993029319510834,0.9999782600141212,1.0,1.0,1.0001195577469246,1.0001163761690002,1.002933239844425,1.0023435876411595,1.0,1.0050210381328826,1.0135217907657499,1.0003477958776563,1.0052120830176996,0.9984156350178514,1.008021377318976,0.9926683860985233,1.0,0.9863127224733744,0.9999653698715285,1.0,0.9893471318394592,1.0,0.9978017909671876,0.9977889860920294,1.0,0.995365651230984,0.9953642424764816,1.0,0.9957400571319185,0.9957337903340108,1.000334678239344,1.0,0.995788584365872,0.9948879938170803,1.0029393966555862,1.0,0.9999782280521726,1.0003477958776563,0.9984156350178514,0.9869453477628463,1.0,1.0,1.0,1.000117258886678,0.9999933337101485,0.9864770408696701,1.0,1.000267662724413,1.0,1.0,1.0,1.0,1.0,0.9925019658924779,1.0090655885488722,1.0,1.0,1.0,1.0,0.9903186833781824,1.0,1.0029402938765177,1.0015065535133139,0.9996815076398884,0.9943844123397595
2019-01-01 09:00:00,1.0,1.000025078500031,1.0000184186795404,0.9978190603289852,0.9994169992825098,1.0,0.9994091273763495,1.0,0.9930690167590426,0.9999784581846741,1.0,1.0,1.000164035201038,1.0001609010386074,1.0031324633062304,1.0023844432260007,1.0,1.0050430926004859,1.0135746197656912,1.0003513367181063,1.0053385736938028,0.9984190930290028,1.0080766437385351,0.9927625971916426,1.0,0.9864546620599375,0.999966711633393,1.0,0.9894512158159849,1.0,0.9978163629559667,0.9978036128202548,1.0,0.9954851640540305,0.9954837135876834,1.0,0.9959281944629363,0.9959218431547723,1.000343363139483,1.0,0.9959826403628113,0.9948675412598116,1.0029533423514894,1.0,0.9999789617126824,1.0003513367181063,0.9984190930290028,0.9870764450230437,1.0,1.0,1.0,1.000117258886678,0.9999933337101486,0.9864770408696703,1.0,1.0002692864545155,1.0,1.0,1.0,1.0,1.0,0.9924801929681196,1.0090869302212284,1.0,1.0,1.0,1.0,0.9904153737945084,1.0,1.0029544600377238,1.001492301044733,0.9996671096633394,0.9944439110485452
2019-01-01 10:00:00,1.0,1.0000251815402896,1.00001852283573,0.9979506675176754,1.0011831508338709,1.0,1.0011752679871362,1.0,0.9929629321779907,0.9999776902972805,1.0,1.0,0.9999519766371417,0.9999486197338956,1.0021961118483385,1.0021922233894525,1.0,1.0049420018464774,1.013329211085333,1.0003340786199642,1.0047462920003474,0.9984128730813808,1.0078285879251616,0.9924652070158074,1.0,0.9860277282470418,0.9999618712433128,1.0,0.9890834325690904,1.0,0.9977415851657019,0.9977285845421077,1.0,0.9949191851834394,0.9949179310944098,1.0,0.9950423793055813,0.9950364264823841,1.0003024965705252,1.0,0.9950692540867011,0.9949590479280556,1.0028893116567446,1.0,0.9999762485480055,1.0003340786199642,0.9984128730813808,0.9866767360572356,1.0,1.0,1.0,1.000117258886678,0.9999933337101485,0.98647704086967,1.0,1.0002616068123698,1.0,1.0,1.0,1.0,1.0,0.992577607085688,1.0089891067040446,1.0,1.0,1.0,1.0,0.9900879351148549,1.0,1.0028895956519257,1.0015560676672461,0.9997315274809233,0.9942424101300127
2019-01-01 11:00:00,1.0,1.0000250773273516,1.0000184174941604,0.9978175625532129,0.9995208145124601,1.0,0.9995129662563565,1.0,0.9930477253780448,0.9999784127449394,1.0,1.0,1.000164964806934,1.0001618306477291,1.0031334156502545,1.0023847091937537,1.0,1.0050425982445288,1.0135742821741789,1.000351506060927,1.0053387467911734,0.9984167046505199,1.0080742149310282,0.9927275451998502,1.0,0.9863967483834178,0.9999663608262785,1.0,0.9894219664013094,1.0,0.9978149815943426,0.9978022325060257,1.0,0.9954842952280262,0.9954828449863686,1.0,0.9959275280482109,0.9959211770999834,1.000343334471286,1.0,0.9959819901409083,0.9948664998541366,1.0029530573526373,1.0,0.9999787863083544,1.000351506060927,0.9984167046505199,0.98702410843545,1.0,1.0,1.0,1.000117258886678,0.9999933337101485,0.98647704086967,1.0,1.0002693074541325,1.0,1.0,1.0,1.0,1.0,0.9924790843318493,1.0090864518427258,1.0,1.0,1.0,1.0,0.9903847273416264,1.0,1.0029541277472622,1.0014915753349898,0.999666376545213,0.9944250529558164
2019-01-01 12:00:00,1.0,1.0000251109108538,1.0000184514413737,0.9978604564061087,0.9999100517155175,1.0,0.999902171741172,1.0,0.9930446827596444,0.9999782550603872,1.0,1.0,1.0001034838815053,1.0001002864563169,1.002865500462866,1.0023296080980202,1.0,1.0050143427183837,1.0135046257367046,1.0003463889677273,1.0051696555542013,0.9984176651771749,1.0080061860455887,0.9926837817866284,1.0,0.9863427339533306,0.9999653908822542,1.0,0.989351484547447,1.0,0.997798900253557,0.9977860756365854,1.0,0.9953269478247171,0.9953255526701661,1.0,0.9956781757640184,0.9956719366840309,1.000331819029559,1.0,0.9957247062767297,0.9948963240124072,1.002935126221316,1.0,0.9999782176320164,1.0003463889677273,0.9984176651771749,0.9869715390527204,1.0,1.0,1.0,1.000117258886678,0.9999933337101485,0.9864770408696699,1.0,1.0002670931863895,1.0,1.0,1.0,1.0,1.0,0.992510833864941,1.0090591095287849,1.0,1.0,1.0,1.0,0.9903273702716946,1.0,1.0029360129851626,1.0015123584425267,0.9996873718401602,0.9943897579507404
2019-01-01 13:00:00,1.0,1.0000252274552546,1.000018569247956,0.9980093129771529,1.0021998495677935,1.0,1.0021919725863297,1.0,0.9928843728419143,0.9999771973078385,1.0,1.0,0.999830246874833,0.9998267610239576,1.0016581533318498,1.002081895399495,1.0,1.0048838514136458,1.0131885753249088,1.0003242209850607,1.0044064276083577,0.9984087698158451,1.00768601821275,0.992282530096652,1.0,0.9857632305241186,0.999958975080757,1.0,0.9888616789052986,1.0,0.9976817928740291,0.9976686618419792,1.0,0.9945804327666337,0.9945792943866385,1.0,0.9945226915771075,0.9945169736001904,1.000278563536977,1.0,0.9945339768195554,0.9949998241994497,1.0028524941778767,1.0,0.9999746330535472,1.0003242209850607,0.9984087698158451,0.9864288112169725,1.0,1.0,1.0,1.000117258886678,0.9999933337101485,0.98647704086967,1.0,1.0002572056227943,1.0,1.0,1.0,1.0,1.0,0.9926210157767247,1.0089328356921772,1.0,1.0,1.0,1.0,0.9898889243425443,1.0,1.002852289298684,1.0015844824818685,0.999760232622687,0.9941199270657152
2019-01-01 14:00:00,1.0,1.0000251178659112,1.0000184584717549,0.9978693396548302,1.0000845167098926,1.0,1.0000766468252436,1.0,0.9930273360831066,0.9999781795864914,1.0,1.0,1.0000887853094633,1.000085572023063,1.0027991439631205,1.0023160139380847,1.0,1.0050068986629856,1.0134869481397537,1.0003452358512093,1.005127471450306,0.9984161136505888,1.0079873492093543,0.9926463210528977,1.0,0.9862854325405936,0.9999648829246991,1.0,0.9893116990264224,1.0,0.9977931323998774,0.9977802902201092,1.0,0.9952863823895575,0.9952850013111424,1.0,0.9956148463361326,0.9956086357543997,1.0003288975318458,1.0,0.9956594134644621,0.994902500548106,1.0029304240451833,1.0,0.9999779427265189,1.0003452358512093,0.9984161136505888,0.9869187735620921,1.0,1.0,1.0,1.0001172588866778,0.9999933337101484,0.9864770408696697,1.0,1.0002665548349379,1.0,1.0,1.0,1.0,1.0,0.9925174091427883,1.0090519060638081,1.0,1.0,1.0,1.0,0.9902898145508279,1.0,1.00293122935616,1.0015166625819651,0.9996917199293807,0.9943666473186666
2019-01-01 15:00:00,1.0,1.000025007315067,1.0000183467236392,0.9977281418400179,0.998476264965739,1.0,0.9984684243894849,1.0,0.9931011247557481,0.9999788216400339,1.0,1.0,1.0002852145633603,1.000282206024146,1.0036652046314378,1.002493964969959,1.0,1.0051002020804225,1.013714264789733,1.0003612991584796,1.0056757065371547,0.9984207329400047,1.0082161788611985,0.9929003474650264,1.0,0.9866459188323577,0.999969152518686,1.0,0.989633610580412,1.0,0.9978428362334402,0.997830241365126,1.0,0.9957938154514858,0.9957922561178261,1.0,0.9964213309707137,0.9964147588542738,1.0003661546260991,1.0,0.9964916880959372,0.9948043255008485,1.0029895459774172,1.0,0.9999803495642096,1.0003612991584796,0.9984207329400047,0.9872563639883528,1.0,1.0,1.0,1.0001172588866778,0.9999933337101486,0.9864770408696699,1.0,1.0002736743268763,1.0,1.0,1.0,1.0,1.0,0.992412896156421,1.0091421939401715,1.0,1.0,1.0,1.0,0.990573627030016,1.0,1.0029911006701526,1.0014482486061203,0.9996226076269907,0.994541286930751
2019-01-01 16:00:00,1.0,1.0000251762178713,1.0000185174556693,0.9979438694327482,1.0010106305368998,1.0,1.0010027367377825,1.0,0.9929820483732208,0.9999777715105171,1.0,1.0,0.9999667585717819,0.999963417700019,1.0022627917735913,1.0022058778784917,1.0,1.0049494770115386,1.0133469240531794,1.0003352348906542,1.0047886245224766,0.998414428304298,1.0078474557842796,0.9925033520488469,1.0,0.9860861003631488,0.9999623862902756,1.0,0.9891239006522982,1.0,0.9977494588152538,0.9977364741790947,1.0,0.9949615448188845,0.9949602762379912,1.0,0.995107262840662,0.995101280695544,1.0003054848872337,1.0,0.9951360798511701,0.9949543212098865,1.0028940325248266,1.0,0.9999765269984061,1.0003352348906542,0.998414428304298,0.986730593783593,1.0,1.0,1.0,1.0001172588866778,0.9999933337101488,0.9864770408696703,1.0,1.000262147004542,1.0,1.0,1.0,1.0,1.0,0.992572575221857,1.0089963402723439,1.0,1.0,1.0,1.0,0.990126180573514,1.0,1.0028943982465275,1.00155277386001,0.9997282000253583,0.9942659473783715
2019-01-01 17:00:00,1.0,1.000025117854046,1.000018458459761,0.9978693245001325,1.0000852483899179,1.0,1.0000773786745176,1.0,0.9930271807955602,0.9999781792514845,1.0,1.0,1.0000887918342798,1.0000855785479026,1.0027991506495582,1.0023160157754476,1.0,1.0050068951286135,1.0134869457278886,1.0003452370536032,1.0051274726796455,0.9984160967123334,1.007987331982807,0.9926460708563414,1.0,0.9862850192413715,0.9999648804210964,1.0,0.9893114901065547,1.0,0.9977931184206642,0.9977802762514935,1.0,0.9952863735923104,0.9952849925161705,1.0,0.9956148395866352,0.9956086290085471,1.0003288972415003,1.0,0.9956594068788343,0.9949024900110236,1.0029304220071171,1.0,0.9999779414747116,1.0003452370536032,0.9984160967123334,0.9869183997830026,1.0,1.0,1.0,1.000117258886678,0.9999933337101484,0.9864770408696701,1.0,1.0002665549831182,1.0,1.0,1.0,1.0,1.0,0.9925173979254568,1.0090519026436677,1.0,1.0,1.0,1.0,0.9902895956592579,1.0,1.002931226982325,1.001516655239167,0.9996917125116025,0.9943665126183828
2019-01-01 18:00:00,1.0,1.000025218059269,1.0000185597502114,0.9979973117875666,1.0019087799442867,1.0,1.001900891823334,1.0,0.9929138411446885,0.9999773434081289,1.0,1.0,0.9998603969974078,0.9998569434962109,1.001792513076821,1.0021094254759046,1.0,1.004898599383095,1.0132238871059664,1.0003266238484958,1.0044914279080794,0.9984106931281884,1.00772259174656,0.9923420410034757,1.0,0.9858521710920216,0.9999598377437424,1.0,0.9889287640254707,1.0,0.99769931867202,0.9976862183033436,1.0,0.9946670611006263,0.9946658933239853,1.0,0.9946542226078803,0.9946484450614693,1.0002846159832284,1.0,0.9946693773942521,0.9949914797553123,1.0028618204052866,1.0,0.9999751062387842,1.0003266238484958,0.9984106931281884,0.9865115384335127,1.0,1.0,1.0,1.0001172588866776,0.9999933337101485,0.9864770408696697,1.0,1.0002582993998463,1.0,1.0,1.0,1.0,1.0,0.9926121326349039,1.0089471070069316,1.0,1.0,1.0,1.0,0.9899508619010501,1.0,1.0028617557061792,1.0015786676935956,0.9997543584145259,0.9941580483221923
2019-01-01 19:00:00,1.0,1.0000251545517929,1.000018495554946,0.9979161964145108,1.0006963635737143,1.0,1.0006884857405403,1.0,0.9929929176760196,0.9999779123352208,1.0,1.0,1.0000128633727705,1.00000957048856,1.0024644758906043,1.0022473015022946,1.0,1.0049708755201396,1.0133993533255157,1.0003390410648096,1.0049158703069268,0.998414317869312,1.0078991831764486,0.9925462406553154,1.0,0.9861430982248918,0.9999632154843136,1.0,0.9891854375992456,1.0,0.9977662421057493,0.9977533106002473,1.0,0.9950840039842008,0.9950826930901159,1.0,0.9952982491481207,0.9952921810051629,1.0003142922405768,1.0,0.9953329706399597,0.9949350801206517,1.0029076022686172,1.0,0.9999770043744017,1.0003390410648096,0.998414317869312,0.9867851613321107,1.0,1.0,1.0,1.0001172588866776,0.9999933337101486,0.9864770408696701,1.0,1.0002638078695492,1.0,1.0,1.0,1.0,1.0,0.992552091973932,1.0090170471833548,1.0,1.0,1.0,1.0,0.9901782117416027,1.0,1.0029081182187127,1.0015393657139802,0.999714654919448,0.9942979680476425
2019-01-01 20:00:00,1.0,1.0000251545518528,1.0000184955550067,0.9979161964909836,1.000696360752183,1.0,1.0006884829183462,1.0,0.992992918295371,0.9999779123365709,1.0,1.0,1.0000128633477392,1.0000095704635288,1.0024644758649452,1.0022473014953694,1.0,1.004970875533976,1.0133993533349523,1.000339041060142,1.0049158703021532,0.9984143179350415,1.0078991832433029,0.9925462416324925,1.0,0.9861430998387706,0.9999632154940901,1.0,0.9891854384157571,1.0,0.9977662421762887,0.9977533106707331,1.0,0.9950840040285431,0.9950826931344465,1.0,0.995298249182142,0.9952921810391657,1.0003142922420405,1.0,0.995332970673156,0.9949350801738239,1.0029076022766,1.0,0.9999770043792903,1.000339041060142,0.9984143179350415,0.9867851627927562,1.0,1.0,1.0,1.000117258886678,0.9999933337101486,0.98647704086967,1.0,1.0002638078689783,1.0,1.0,1.0,1.0,1.0,0.992552092030537,1.0090170471967448,1.0,1.0,1.0,1.0,0.9901782125970593,1.0,1.002908118228,1.001539365751033,0.9997146549568798,0.9942979685740957
2019-01-01 21:00:00,1.0,1.0000252003969843,1.0000185418966432,0.9979747523897876,1.0015466341064612,1.0,1.001538748280905,1.0,0.9929390098719831,0.9999775189443699,1.0,1.0,0.9999062241427003,0.9999028190259863,1.001994470432385,1.0021508515310515,1.0,1.0049203145022678,1.0132765657380798,1.0003303528738985,1.0046189345017438,0.9984117854054324,1.007775605747229,0.9924038729733441,1.0,0.9859403358024427,0.9999608571298896,1.0,0.9890063530752533,1.0,0.9977212475072312,0.9977081964188993,1.0,0.994793860432596,0.9947926493333182,1.0,0.9948489562843168,0.9948430907536513,1.0002935844470437,1.0,0.9948699635214355,0.9949757941739803,1.002875574385666,1.0,0.999975678711668,1.0003303528738985,0.9984117854054324,0.9865945311582224,1.0,1.0,1.0,1.0001172588866778,0.9999933337101485,0.9864770408696701,1.0,1.000259953977569,1.0,1.0,1.0,1.0,1.0,0.992595434429486,1.0089681202937033,1.0,1.0,1.0,1.0,0.9900196531265266,1.0,1.0028756841557152,1.0015677372516585,0.9997433162875918,0.9942003865946777
2019-01-01 22:00:00,1.0,1.0000252164490884,1.0000185581225924,0.9979952551580019,1.0019593234506585,1.0,1.001951447581118,1.0,0.9929019664277128,0.999977317025417,1.0,1.0,0.9998608419978631,0.9998573884984245,1.0017929695197307,1.0021095443704227,1.0,1.0048983442883352,1.0132237133926796,1.0003267088291068,1.0044915148546678,0.9984094999370832,1.0077213779133603,0.9923240665662779,1.0,0.9858224970783391,0.999959657973172,1.0,0.988913724364815,1.0,0.9976974205661588,0.997684321635602,1.0,0.9946658645915729,0.994664697124314,1.0,0.9946533038841612,0.9946475268336348,1.000284576465587,1.0,0.9946684809213492,0.9949900497778639,1.0028616731984086,1.0,0.9999750163530663,1.0003267088291068,0.9984094999370832,0.9864846408915189,1.0,1.0,1.0,1.0001172588866778,0.9999933337101486,0.98647704086967,1.0,1.0002583096707183,1.0,1.0,1.0,1.0,1.0,0.9926106103414798,1.0089468601568419,1.0,1.0,1.0,1.0,0.9899351059121134,1.0,1.0028615847662201,1.0015776712197044,0.9997533517582939,0.9941483509473068
2019-01-01 23:00:00,1.0,1.0000248187120935,1.0000181560780868,0.9974872625627353,0.9962084685578995,1.0,0.9962006889077538,1.0,0.993166609633369,0.9999795872592772,1.0,1.0,1.0005548976782466,1.0005521674027784,1.004854711240525,1.0027386944478027,1.0,1.0052285450825844,1.0140279894431725,1.0003834381249004,1.0064302239671168,0.9984270111867292,1.0085320637002164,0.9932376026911857,1.0,0.9871226044830019,0.9999749099637995,1.0,0.9900643984168971,1.0,0.9978643050242619,0.9978520879199348,1.0,0.9964524548670515,0.9964506586049979,1.0,0.9974989247952275,0.9974918727555903,1.0004160609012598,1.0,0.9976054388831844,0.9946368417753293,1.003070897782904,1.0,0.9999836049530866,1.0003834381249004,0.9984270111867292,0.9877008380438979,1.0,1.0,1.0,1.000117258886678,0.9999933337101485,0.9864770408696698,1.0,1.0002834783837709,1.0,1.0,1.0,1.0,1.0,0.9922346001120503,1.009266388957127,1.0,1.0,1.0,1.0,0.9909517003354781,1.0,1.0030734830799495,1.0013315345749185,0.9995047034947097,0.9947738933532344
